Original rank,New Tokens,P|S|I|X|R|U (Problem / solution / item / stop-word / redundant / unsure),Preferred label ,Notes
1,room,I,,
2,replace,S,,
3,check,S,,
4,find,S,,
5,action_take,X,,
6,-PRON-,X,,"This means a pronoun. could be ""person"""
7,poc,I,poc,I think this is point of contact
8,unit,I,,
9,too_hot,P,,
10,temperature,I,,
11,stat,I,thermostat,thermostat or freezestat
12,too_cold,P,,
13,air,I,,
14,hot,R,,probably unknown
15,in_bldg,I,building,
16,leak,P,,
17,valve,I,,
18,request,P,,"as in, check_request?"
19,alarm,P,,
20,customer,I,,
21,check_operation,P,check,
22,adjust,S,,
23,repair,S,,
24,office,I,,
25,system,I,,
26,water,I,,
27,operation,R,,"In the context of ""resuming operation""-->operating"
28,point,I,,"as in ""toward something""?"
29,calibrate_stat,S,calibrate,
30,set_point,I,,"Is this a ? ""to set the point"" or ""a set point""?"
31,fan,I,,
32,belt,I,,
33,room temperature,I,temperature,
34,verify_operation,S,verify,
35,actuator,I,,
36,request check,P,check_request,
37,heat,I,,"unsure, close enough"
38,start,X,,
39,reset,S,,
40,cold,R,,probably unknown
41,verify_proper,S,verify,
42,lab,I,laboratory,
43,verify_proper operation,S,verify,
44,adjust stat,S,adjust,
45,need,P,request,
46,temp,I,temperature,
47,control,I,,"as in ""the controls""?"
48,issue,P,,
49,set,S,,
50,thermostat,I,,
51,adjust_set,S,adjust,
52,rm,U,,"reactive maintenance, room, removed (best guess is room)"
53,damper,I,,
54,due_to,S,is_cause_of,"debating if this is worth doing, for MaxLike, maybe?"
55,air_flow,I,,
56,adjust_set point,S,adjust,
57,area,I,,
58,space,I,,not sure
59,hood,I,,
60,a_c,I,air_conditioning_unit,
61,not_work,P,broken,
62,filter,I,,
63,noise,P,noisy,
64,work,U,,"maybe ""it works""?"
65,freeze_stat,I,,
66,bldg,I,building,
67,supply,I,,
68,induction_unit,I,,
69,ok,X,,
70,acu,I,air_conditioning_unit,
71,check room,S,check,
72,humidity,I,,
73,calibrate,S,,
74,motor,I,,
75,replace_diaphragm,S,replace,
76,time,I,,Not Sure
77,sensor,I,,
78,turn,S,,
79,discharge,I,,
80,air leak,P,leak,
81,instal,S,install,
82,2,X,,
83,restart,S,,
84,calibrate_stat check_operation,S,calibrate,
85,re_heat,I,reheat,My assumption is this a reheat portion of the coil for hvac
86,clean,S,,
87,vent,I,,
88,poc customer,S,poc_customer,
89,action_take find,S,find,
90,run,U,,not sure
91,coil,I,,
92,remove,S,,
93,complete_per,S,complete,
94,make_adjustment,S,adjust,
95,101,I,,
96,complete_per request,S,complete,
97,open,U,,could be problem or solution
98,replace_re,S,replace,
99,room too_hot,P,too_hot,
100,very_cold,P,too_cold,
101,check room temperature,S,check,"maybe, check_request"
102,turn_over,S,,
103,change,S,,
104,reset_alarm,S,reset,
105,pipe_shop,I,,
106,1,X,,
107,blow,U,,not sure
108,high,U,,not sure
109,exhaust,I,,
110,too_warm,P,too_hot,
111,exhaust_fan,I,,
112,ne,X,,
113,normal,P,no_problem,
114,aok,X,,
115,problem,P,,
116,at_this,X,,
117,room too_cold,P,too_cold,
118,low,P,,
119,verify,S,,
120,valve actuator,I,valve,
121,freeze_stat alarm,P,alarm,
122,replace belt,S,replace,
123,s,X,,
124,at_this time,I,now,
125,come,X,,
126,controller,I,,
127,build,S,,
128,attic,I,,
129,action_take replace,S,replace,
130,bearing,I,,
131,bad,P,,
132,request check room,P,check_request,
133,water_detector,I,,
134,replace valve,S,replace,
135,contact,I,,
136,fume_hood,I,,
137,heater,I,,
138,door,I,,
139,water leak,P,leak,
140,water_detection,I,,
141,new,X,,
142,3,X,,
143,temperature in_bldg,I,inside_temperature,
144,clear,S,,
145,cool,U,,
146,too_hot in_bldg,P,too_hot,
147,floor,I,,
148,acu-1,I,air_conditioning_unit,
149,adjust_thermostat,P,adjust,
150,hvac,I,,I am keeping this as hvac since that is a well known acronym in this field
151,return,X,,"feel like this might be a stop word, return usually linked with air, water, steam"
152,electric_shop,I,,
153,building,I,,
154,complete,S,,
155,degree,X,,
156,contractor,I,,
157,control_valve,I,,
158,heat_diaphragm,I,,
159,off_line,P,offline,
160,replace_re heat_diaphragm,S,replace,
161,pump,I,,
162,shop,I,,
163,equipment,I,,
164,diaphragm,I,,
165,fail,P,,
166,cause,X,,"something causes something else, i.e it's P?"
167,down_for,P,down,
168,vav,I,variable_air_volume,
169,confirm,I,poc,not sure
170,raise_set,S,adjust,
171,line,I,,
172,too_cold in_bldg,P,too_cold,
173,raise_set point,S,adjust,
174,pre_heat,I,preheat,
175,pm,S,preventative_maintenance,
176,temperature too_hot,P,too_hot,
177,grad,U,,
178,do_not,X,,
179,stat set_point,I,set_point,
180,repair_control,S,repair,
181,ceiling,I,,
182,space_temperature,I,space_temperature,
183,drain,S,,
184,adjustment,S,adjust,
185,warm,P,hot,
186,service,S,,
187,air_line,I,,
188,out_of,X,,
189,temperature too_cold,P,too_cold,
190,secure,S,,
191,operation poc,I,poc,
192,chilled_water,I,,
193,perform,X,,
194,close,,,not sure
195,room temperature too_hot,P,too_hot,
196,office hot,P,too_hot,
197,cover,U,,could be a cover for something or saying to cover something
198,ddc,I,direct_digital_control,
199,properly,X,,
200,225,I,,
201,adjust stat set_point,S,adjust,
202,adjusted,S,adjust,
203,order,S,,
204,flow,I,airflow,assuming that's the only use-case
205,fabricate,S,,
206,clear_alarm,S,clear,
207,temperature too_hot in_bldg,P,too_hot,
208,for_70*f,I,70F,
209,cold air,I,cold_air,
210,duct,I,,
211,ac,I,air_conditioning_unit,
212,air_handler,I,,
213,speak_with,I,poc,what's the need_guy equivalent?
214,access,,,not sure
215,replace valve actuator,S,replace,
216,room temperature too_cold,P,too_cold,
217,temperature too_cold in_bldg,P,too_cold,
218,verify_operation poc,I,verify,
219,locate,,,
220,stem,I,,
221,reset_freeze,S,reset,
222,office too_hot,P,too_hot,
223,reset_freeze stat,S,reset,
224,acu-4,I,air_conditioning_unit,
225,office too_cold,P,too_cold,
226,verify_proper operation poc,S,verify,
227,repair_control air,S,repair,
228,wall,I,,
229,repair_control air leak,S,repair,
230,224,I,,
231,install,I,install,
232,reheat,I,,"I think in the context of hvac that this is an item, i don't think it would ever occur as a solution"
233,freeze,I,freezestat,freeze could mean freeze stat or part froze
234,room hot,P,hot,
235,220,I,,
236,acu-2,I,acu-2,
237,switch,I,,
238,221,I,,
239,227,I,,
240,come_from,X,,
241,start unit,S,start,
242,odor,P,smell,
243,will_not,P,,
244,245,I,,
245,sponsor,I,,"A ""sponsor"" or ""to sponsor""?"
246,poc_john,I,person,
247,okay,P,no_problem,
248,instal_new,S,install,
249,speak,S,,
250,ahu,I,air_handler_unit,
251,223,I,,
252,room temp,I,room_temperature,
253,vav_box,I,,
254,repair air,S,repair,
255,acu-3,I,acu-3,
256,fix,S,,
257,fan_section,I,,
258,_,X,,
259,_'s,X,,
260,monitor,I,,
261,repair air leak,S,repair,
262,break,P,broken,
263,235,I,,
264,find unit,X,,
265,4,X,,
266,correct,,,
267,adjusted_set,S,adjust,
268,clean_up,S,clean,
269,water_detection alarm,P,alarm,
270,222,I,,
271,70*f,I,70F,
272,acu-9,I,acu-9,
273,hallway,I,,
274,lower,S,,
275,acu-6,I,acu-6,
276,resolve,S,,
277,place,,,a place? to place?
278,adjusted_set point,S,adjust,
279,hot in_bldg,P,too_hot,
280,71*f,I,71F,
281,re_heat valve,S,reheat,
282,6,X,,
283,temperature hot,P,too_hot,
284,replace_re heat,S,replace,
285,acu-5,I,acu-5,
286,compressor,I,,
287,reheat_valve,I,,
288,pulley,I,,
289,proper,X,,
290,shaft,I,,
291,replacement,S,replace,
292,action_take adjust_thermostat,S,adjust,
293,speak_with customer,I,poc,
294,301,I,,
295,tension,I,,
296,airflow,I,,
297,action_take make_adjustment,S,adjust,
298,way,,,
299,section,I,,
300,find room,,,
301,ms,,,
302,72*f,I,72F,
303,hot air,I,hot_air,line 341 in orignal file: AC BLOWING HOT AIR B316
304,hot water,I,hot_water,
305,issue_with,X,,
306,m_slip,,,
307,calibration,S,calibrate,
308,roof,I,,
309,acu-7,I,acu-7,
310,make_adjustment set_point,S,adjust,
311,raise,S,,
312,fault,P,,
313,room temperature hot,P,too_hot,
314,outside,I,,
315,computer,I,,
316,make_noise,P,noise,
317,outage,P,,
318,reset_vfd,S,reset,
319,speak customer,I,poc,
320,steam,I,,
321,main,I,,
322,relate,,,
323,use,,,
324,5,X,,
325,smell,P,,
326,leaking,P,leak,
327,work_properly,,,
328,heating,,,
329,water_present,,,
330,replace_diaphragm calibrate_stat,S,replace,
331,report,,,
332,pressure,I,,
333,induction_unit valve,,,
334,receive,,,
335,as_need,X,,
336,proper_operation,,,
337,supply air,I,supply_air,
338,adjustment_make,,,
339,power_plant,I,,
340,day,,,
341,replace stat,S,replace,
342,read,,,
343,lower_set,,,
344,for_72*f,,,
345,serve,,,
346,lower_set point,,,
347,room_temperature-,,,
348,water_pump,,,
349,corridor,,,
350,heat valve,I,heat_valve,
351,safety,,,
352,very_cold in_bldg,,,
353,stat poc,,,
354,stat set,S,set,
355,this_time,,,
356,too_hot rm,P,too_hot,
357,floor_drain,I,,
358,replace_re heat valve,,,
359,preheat,,,
360,office cold,P,too_cold,
361,receive_water,,,
362,clean_up water,,,
363,mr,,,
364,replace filter,S,replace,
365,hot water_pump,,,
366,temperature hot in_bldg,,,
367,present,,,
368,window,I,,
369,on_computer,X,,
370,repair leak,S,repair,
371,power_bump,,,
372,reset_fault,S,reset,
373,panel,I,,
374,action_take adjust,,,
375,talk,X,poc,
376,off_due,,,
377,sound,,,
378,duct_work,I,,
379,inspect,S,,
380,unit down_for,,,
381,ventilation,I,,
382,drive,,,
383,blow cold,P,cold,
384,schedule,X,,
385,chill_water,I,,
386,water_detector alarm,,,
387,good,,,
388,reinstall,S,,
389,currently,,,
390,too_hot room,P,too_hot,
391,temperature very_cold,,,
392,free_stuck,,,
393,find issue,,,
394,start system,S,start,
395,-PRON- office,X,,
396,ac_unit,I,air_conditioning_unit,
397,poc_herb,,,
398,set_point poc,,,
399,turn_over pipe_shop,,,
400,acu-10,I,air_conditioning_unit,
401,very_warm,P,too_hot,
402,replace induction_unit,,,
403,not_run,P,will_not_run,
404,304,I,,
405,replace motor,S,replace,
406,condensation,P,,
407,calibrate_stat set,,,
408,position,,,
409,alarm action_take,,,
410,alarm clear,,,
411,b,X,,
412,appear,X,,
413,confirm operation,,,
414,start_equipment,S,start,
415,diaphragms,,,
416,acu-8,I,acu-8,
417,restart unit,,,
418,restore,S,,
419,room temperature very_cold,,,
420,with_customer,,,
421,not_able,,,
422,as_well,X,,
423,seal,I,,
424,vacuum_up,,,
425,setting,,,
426,70_degree,I,70F,
427,-PRON-_say,X,,
428,c,X,,
429,216,I,,
430,location,,,
431,board,,,
432,pipe,I,,
433,blow cold air,P,cold,
434,30_action,,,
435,temperature very_cold in_bldg,,,
436,humid,,,
437,week,,,
438,water_converter,,,
439,a_c not_work,P,broken,
440,inside,,,
441,check water,,,
442,hot water_converter,,,
443,226,I,,
444,provide,,,
445,follow_up,,,
446,down_for pm,,,
447,blow hot,P,hot,
448,condition,,,
449,fuse,I,,
450,fan_fail,,,
451,explain,,,
452,stop,,,
453,lower_discharge,S,lower,
454,increase,S,,
455,with_new,X,,
456,need replace,P,bad,
457,a_c unit,I,air_conditioning_unit,
458,check system,S,check,
459,re_heat actuator,,,
460,noise_come,,,
461,okay_at,,,
462,check room_temperature-,,,
463,temp_ok,P,no_problem_detected,
464,problem find,,,
465,f,X,,
466,vacuum_up water,,,
467,too_hot action_take,P,too_hot,
468,unit run,,,
469,okay_at this_time,,,
470,diffuser,I,,
471,check unit,P,check_request,
472,condensate,I,,
473,employee,,,
474,sheet_metal,I,,
475,replace induction_unit valve,,,
476,find water,P,leak,
477,plate,,,
478,control air,S,control,
479,come_out,,,
480,unit heater,,,
481,action_take check,S,check,
482,calibrate thermostat,S,calibrate,
483,t_stat,,,
484,maintenance,,,
485,lab_space,I,,
486,thank,X,,
487,202,I,,
488,stat room,I,thermostat,
489,like,X,,
490,calibrate_stat room,S,calibrate,
491,replace control_valve,,,
492,after_power,,,
493,chiller,,,
494,power,U,,
495,measure,,,
496,possible,,,
497,loose,P,,
498,water floor,,,
499,air_conditioning,I,air_conditioning_unit,
500,booster,I,,
501,basement,I,,
502,chilled_water valve,,,
503,cut,,,
504,vfd,I,variable_fan_drive,
505,off_line start,,,
506,too_cold rm,P,too_cold,
507,room temperature in_bldg,,,
508,poc_ed,,,
509,point stat,,,
510,metal,,,
511,loud,P,,
512,10,X,,
513,grill,I,,
514,free_stuck stem,,,
515,valv_off,,,
516,check hot,,,
517,bump,,,
518,hot room,P,hot,
519,align,S,,
520,temp_back,,,
521,wire,I,,
522,humidty,,,
523,stat verify_operation,,,
524,trip,,,
525,dry,U,,
526,cooling,,,
527,fine,,,
528,unable,P,,
529,replace bearing,,,
530,not_work properly,,,
531,insulation,I,,
532,73*f,I,73F,
533,too_cold room,P,too_cold,
534,poc_robert,,,
535,allow,,,
536,near,,,
537,conference_room,I,,
538,thank_-PRON-,,,
539,now_aok,P,no_problem_detected,
540,blow hot air,P,hot,
541,hot office,,,
542,stat check_operation,,,
543,temp_back normal,,,
544,replace actuator,S,replace,
545,acu-11,I,air_conditioning_unit,
546,lecture_room,,,
547,try,,,
548,room cold,P,too_cold,
549,hand_valv,,,
550,reset_vfd fault,,,
551,too_cold action_take,P,too_cold,
552,follow,,,
553,hot temperature,P,hot,
554,high_humidity,,,
555,poc_mark,,,
556,system find,,,
557,check air_flow,,,
558,phone_message,,,
559,bear,,,
560,leave,,,
561,failure,P,,
562,after_power bump,,,
563,open valve,U,,
564,verify_calibration,,,
565,hot action_take,,,
566,test,I,,
567,desk,,,
568,replace grad,S,replace,
569,add,,,
570,request check room_temperature-,,,
571,hvac_shop,I,,
572,wait,,,
573,for_70*f poc,,,
574,bldg 101,I,101,
575,outside_air,,,
576,alarm reset_alarm,,,
577,replace controller,S,replace,
578,231,I,,
579,clog,P,,
580,7,X,,
581,help,,,
582,hold,,,
583,-PRON-_would,X,,
584,oeg,,,
585,box,,,
586,start fan,,,
587,request check hot,S,check,
588,adjust stat poc,,,
589,pipe_shop repair,,,
590,adjust_set point stat,,,
591,issue find,,,
592,mix_box,I,,
593,design,,,
594,flex_connection,,,
595,today,,,
596,talk customer,,,
597,f.s_on,,,
598,replace_diaphragm re_heat,,,
599,set_point check_operation,S,check,
600,okay_now,P,no_problem_detected,
601,light,,,
602,74*f,I,74F,
603,poc_dan,,,
604,ne heat,,,
605,receive_freeze stat,,,
606,action,X,,
607,calibrate_stat poc,,,
608,can_not,,,
609,receive_freeze,,,
610,hood not_work,,,
611,automation,,,
612,shut_off,,,
613,broken_belt,,,
614,will_need,,,
615,find stat,,,
616,no_other,,,
617,gfp,,,
618,entire,X,,
619,check water leak,P,check_request,
620,investigate,S,inspect,
621,bldg_225,I,225,
622,renovation,,,
623,air temperature,I,air_temperature,
624,noisy,P,noise,
625,air_balance,S,balance,
626,serve_area,,,
627,point poc,,,
628,customer -PRON-,,,
629,unit find,,,
630,communication,,,
631,restroom,I,,
632,broken,P,,
633,8,X,,
634,supply fan,I,supply_fan,
635,411,I,,
636,cooler,,,
637,cfm,I,cfm,Cubic feet/min?
638,air_flow in_bldg,,,
639,air blow,,,
640,find -PRON-,,,
641,lab too_hot,P,too_hot,
642,redirect,,,
643,vacuum,S,,
644,rebuild,S,,
645,trailer,,,
646,action_take calibrate_stat,S,calibrate,
647,call_shop,,,
648,message,,,
649,receive_water detection_acu,,,
650,detection_acu,,,
651,poc_michelle,,,
652,mode,,,
653,hood fan,I,hood_fan,
654,hole,,,
655,customer_say,,,
656,know,,,
657,explain customer,,,
658,turn_over electric_shop,,,
659,hot temperature in_bldg,,,
660,make_adjustment thermostat,,,
661,unit restart,S,restart,
662,register,,,
663,alarm come,,,
664,new_motor,,,
665,furniture,,,
666,72_degree,I,72F,
667,yesterday,X,,
668,replace sensor,S,replace,
669,address,,,
670,water find,,,
671,make_adjustment set_point check_operation,,,
672,tighten,S,,
673,send,,,
674,secured,S,,
675,hot_deck,,,
676,ddc_group,,,
677,20,,,
678,fan motor,,,
679,inform,S,,
680,adjust_thermostat set_point,,,
681,reset start,,,
682,too_cold calibrate_stat,,,
683,frank,,,
684,poc_david,,,
685,cabinet,I,,
686,large,,,
687,loud_noise,,,
688,meeting,,,
689,support,,,
690,find hot,,,
691,replace_diaphram,,,
692,reset_alarm start,,,
693,checked_operation,,,
694,fcu,,,
695,level,,,
696,low_temp,,,
697,1ea,,,
698,morning,,,
699,hv-4,,,
700,turn heat,,,
701,look_into,,,
702,218,I,,
703,leave_customer,,,
704,normal operation,S,normal_operation,
705,actiontaken,,,
706,duplicate_ms,,,
707,check_operation ok,,,
708,freeze_stat alarm reset_alarm,,,
709,set for_70*f,,,
710,valve calibrate_stat,,,
711,too_cold calibrate_stat check_operation,,,
712,find space,,,
713,contractor work,,,
714,find space_temperature,,,
715,check hot temperature,R,check,
716,mech_room,,,
717,cap,I,,
718,blow_out,,,
719,extremely_hot,,,
720,indicate,,,
721,68*f,I,68F,
722,adjust temperature,R,,
723,e,X,,
724,stat verify_proper,,,
725,unit check_operation,,,
726,resent_code,,,
727,adjust discharge,R,adjust,
728,action_take make_adjustment thermostat,,,
729,pan,,,
730,x,X,,
731,hwc,,,
732,look_at,,,
733,control air_line,,,
734,program,,,
735,80_degree,I,80F,
736,heat valve actuator,,,
737,per_request,,,
738,inform_customer,,,
739,find room temperature,,,
740,close_out,,,
741,faulty,P,fault,
742,that_serve,,,
743,condensate_drain,,,
744,material,,,
745,maintain,,,
746,urgent,X,,
747,230,I,,
748,reduce,,,
749,affect,,,
750,from_ceiling,,,
751,trouble,U,,"linked with trouble shot, trouble alarm"
752,bad_bearing,,,
753,action_take issue,,,
754,point on_computer,,,
755,request check air_flow,,,
756,check air,,,
757,stat calibrate,,,
758,repair replace,,,
759,set stat,S,adjust,
760,adjust_set point poc,,,
761,concern,,,
762,valve leak,R,,
763,reading,,,
764,a_wing,,,
765,leak valve,,,
766,bldg_220,,,
767,require,,,
768,booster_fan,,,
769,want,X,,
770,window_unit,,,
771,replace bad,S,replace,
772,defuser,I,,
773,find bad,,,
774,raise_discharge,,,
775,temp room,,,
776,ceiling leak,P,leak,
777,find fan,,,
778,too_hot calibrate_stat,,,
779,actuator calibrate_stat,,,
780,stairwell,I,,
781,lobby,I,,
782,year,,,
783,center,,,
784,closed,U,,
785,fire_damper,,,
786,list,,,
787,work_order,,,
788,11,,,
789,too_hot replace,,,
790,cold temperature,P,cold,
791,stat verify_proper operation,,,
792,room too_warm,,,
793,refrigerator,I,,
794,determine,,,
795,mechanical_room,,,
796,control_board,,,
797,temperature room,,,
798,valve check_operation,,,
799,off_due power_bump,,,
800,actuator verify_operation,,,
801,reset_alarm verify_operation,,,
802,action_take repair,,,
803,temp space,,,
804,drop,,,
805,damper actuator,,,
806,vibration,I,,
807,old,P,,
808,air vent,,,
809,valve replace,,,
810,318,I,,
811,electrical,,,
812,fall,,,
813,drip,P,,
814,note,,,
815,lab hot,,,
816,fan_failure,,,
817,adjust stat room,,,
818,check proper_operation,,,
819,alarm reset_freeze,,,
820,c_wing,,,
821,charge,,,
822,adjust stat verify_operation,,,
823,customer request,S,poc_customer,
824,room_temperature- too_hot,,,
825,point for_70*f,,,
826,fume_hood not_work,,,
827,operation poc customer,,,
828,bldg_221,,,
829,freeze_stat alarm action_take,,,
830,poc_richard,,,
831,217,I,,
832,replace broken_belt,,,
833,find system,,,
834,need repair,P,bad,
835,fumehood_fail,,,
836,plant,,,
837,replace diaphragms,,,
838,small,,,
839,alarm reset_freeze stat,,,
840,check water_detection,,,
841,poc_steve,,,
842,room_temperature- too_hot in_bldg,,,
843,check cold,,,
844,check area,P,check_request,
845,action_take calibrate,,,
846,2ea,X,,
847,actuator poc,,,
848,work_well,,,
849,d,,,
850,215,,,
851,command,,,
852,gate,I,,
853,shut_down,,,
854,operator,,,
855,health_unit,,,
856,no_longer,,,
857,winter,,,
858,control air leak,S,control,
859,lock,,,
860,out_of calibration,,,
861,free,U,,
862,a123,,,
863,poc_sarah,,,
864,rebuild_valve,,,
865,action_take replace_diaphragm,,,
866,from_vent,,,
867,replace_diaphragm check_operation,,,
868,action_take reset,,,
869,stat set_point poc,,,
870,operate,,,
871,ext,,,
872,find acu-1,,,
873,a_little,X,,
874,replace damper,S,replace,
875,lady,,,
876,12,,,
877,front_of,,,
878,f.,X,,
879,roof_leak,,,
880,replace reheat_valve,,,
881,office temperature,I,temperature,
882,leak room,,,
883,hood alarm,,,
884,replace thermostat,S,replace,
885,.,X,,
886,air filter,I,air_filter,
887,make_loud,,,
888,belt replace,S,replace,
889,action_take relate,,,
890,request adjust,,,
891,80,,,
892,extremely,P,extreme,
893,find leak,,,
894,find water_present,,,
895,action_take system,,,
896,poc power_plant,,,
897,bad_motor,,,
898,blower,I,,
899,indicate_that,,,
900,status,,,
901,relocate,,,
902,hvac unit,I,hvac,
903,205,,,
904,wrong,,,
905,spec,,,
906,go_off,,,
907,stick,U,,
908,cole,,,
909,too_hot calibrate_stat check_operation,,,
910,reset_alarm verify_proper operation,,,
911,problem_building room,,,
912,detection,I,,
913,replaced,S,replace,
914,9,,,
915,replace fail,,,
916,reset_alarm verify_proper,,,
917,adjust calibrate_stat,,,
918,electric_shop replace,,,
919,problem_building,,,
920,rain,,,
921,louver,I,,
922,wet,,,
923,hall,,,
924,break_belt,,,
925,office space,,,
926,effort,,,
927,adjust temp,S,adjust,
928,informed_customer,,,
929,related,,,
930,water valve,I,water_valve,
931,b_wing,,,
932,could_not,,,
933,confirm_proper,,,
934,leak find,,,
935,filter_section,,,
936,c.,,,
937,fan_fail alarm,,,
938,screen,I,,
939,-PRON- -PRON-,X,,
940,kitchen,,,
941,acu-13,I,acu-13,
942,s,X,,
943,store,,,
944,233,I,,
945,information,,,
946,load,,,
947,unit discharge,I,discharge,
948,high_pitch,,,
949,range,,,
950,freeze_stat alarm reset_freeze,,,
951,t-2_controller,,,
952,down_for maintenance,,,
953,find issue_with,,,
954,reset_fs,,,
955,room stat,I,thermostat,
956,fan_selection,,,
957,belt_1ea,,,
958,30_action find,,,
959,-PRON- do_not,X,,
960,request check cold,,,
961,too_warm in_bldg,,,
962,time poc,,,
963,320,I,,
964,transducer,I,,
965,deflector,I,,
966,pre_heat section,,,
967,man,,,
968,zone,,,
969,relay,I,,
970,fire,,,
971,acu-12,I,acu-12,
972,actual,,,
973,trap,,,
974,ep_switch,,,
975,219,I,,
976,people,,,
977,humidity high,,,
978,14,,,
979,hear,,,
980,clear_drain,,,
981,low_humidity,,,
982,asap,,,
983,action_take reset_fs,,,
984,forward,,,
985,by_pipe,,,
986,by_pipe shop,,,
987,area find,,,
988,fan_failure alarm,,,
989,stat acu,,,
990,by_ddc,,,
991,action_take replace valve,,,
992,poc_dr,,,
993,site,I,,
994,setpoint,I,set_point,
995,-PRON- ne,X,,
996,able,,,
997,refrigerant,I,,
998,60*f,I,60F,
999,69*f,I,69F,
1000,potts,S,person,
1001,hvac system,,,
1002,phone,,,
1003,thermostat set,I,thermostat,
1004,open damper,,,
1005,off_line due_to,,,
1006,temperature too_warm,,,
1007,replace_diaphrgam,,,
1008,set for_72*f,,,
1009,alarm find,,,
1010,start pump,,,
1011,control_cabinet,,,
1012,b264,,,
1013,hand_valve,,,
1014,elevator,,,
1015,hard,,,
1016,electric,I,,
1017,site_outage,,,
1018,remove replace,,,
1019,trouble_shoot,,,
1020,s office,I,office,
1021,flush,,,
1022,cable,I,,
1023,duplicate,,,
1024,replace belt_1ea,,,
1025,reset unit,S,reset,
1026,may_need,,,
1027,very_loud,,,
1028,temperature set_point,,,
1029,check too_hot,,,
1030,too_hot temperature,,,
1031,poc_mary,,,
1032,at_this time poc,,,
1033,check cold temperature,P,cold,
1034,freeze cold,,,
1035,lab too_cold,,,
1036,check temp,P,check_request,
1037,friday,,,
1038,take_care,,,
1039,action_take adjust stat,,,
1040,calibrate_stat adjust_set,,,
1041,stat for_70*f,,,
1042,ef,,,
1043,899,,,
1044,mark,,,
1045,bathroom,I,,
1046,replace leak,,,
1047,weekend,,,
1048,air come_out,,,
1049,associate_with,,,
1050,air pressure,I,air_pressure,
1051,end_of,,,
1052,pull,,,
1053,water_drip,,,
1054,replace_diaphragm re_heat actuator,,,
1055,by_contractor,,,
1056,unit down_for maintenance,,,
1057,system poc,,,
1058,unit verify_operation,,,
1059,check air_flow in_bldg,,,
1060,actuator replace,,,
1061,calibrated,S,calibrate,
1062,action_take replace belt,,,
1063,not_work in_bldg,,,
1064,replace 2,S,replace,
1065,find noise,,,
1066,unit start,,,
1067,find at_this,,,
1068,for_68*f,,,
1069,receive_freeze stat acu,,,
1070,rest,,,
1071,-PRON-_say -PRON-,X,,
1072,supervisor,,,
1073,detector,I,,
1074,measurement,I,,
1075,kevin,I,person,
1076,purge_mode,,,
1077,zone_3,,,
1078,exist,,,
1079,repair coil,S,repair,
1080,slip,,,
1081,scroll,,,
1082,f.s,,,
1083,starter,I,,
1084,a_few,X,,
1085,w,,,
1086,max,,,
1087,unit replace,,,
1088,burn,,,
1089,reverse,,,
1090,root_cause,,,
1091,control_valve leak,,,
1092,tag,,,
1093,roof_drain,,,
1094,unit in_bldg,,,
1095,poc_kim,,,
1096,3rd_floor,I,,
1097,suspect_that,,,
1098,temp_okay,,,
1099,aware_of,,,
1100,repair_control air_line,,,
1101,due_to pm,,,
1102,enter,,,
1103,68,,,
1104,reset_freeze stat check_operation,,,
1105,for_72*f poc,,,
1106,work perform,,,
1107,action_take find issue,,,
1108,work_fine,,,
1109,look,,,prefer check or inspect
1110,fan run,,,
1111,find hot water_pump,,,
1112,receive_water detection,,,
1113,computer room,,,
1114,instal_new valve,,,
1115,zone_1,,,
1116,deg,,,
1117,handle,,,
1118,man_,,,
1119,man_'s,,,
1120,breaker,I,circuit_breaker,
1121,return air,I,return_air,
1122,acu-18,I,acu-18,
1123,connection,I,,
1124,dirty,,,
1125,ice_machine,,,
1126,direct,,,
1127,piece_of,,,
1128,green_auditorium,,,
1129,fumehood,I,,
1130,dust,,,
1131,reset_f.s,,,
1132,103,,,
1133,additional,,,
1134,for_74*f,,,
1135,find control_valve,,,
1136,valve adjust,,,
1137,bldg 245,I,245,
1138,close_out ms,,,
1139,motor_pulley,,,
1140,find at_this time,,,
1141,tstat,I,thermostat,
1142,check room_temperature- too_hot,,,
1143,check temperature,P,check_request,
1144,verify_operation system,,,
1145,poc_michael,,,
1146,turn_over oeg,,,
1147,check too_cold,,,
1148,point check_operation,,,
1149,check fume_hood,,,
1150,due_to power_bump,,,
1151,poc_paul,,,
1152,riser,I,,
1153,size,,,
1154,closet,,,
1155,pneumatic,,,
1156,ice,,,
1157,clean room,I,clean_room,
1158,for_summer,,,
1159,b112,,,
1160,a56,,,
1161,coil leak,P,leak,
1162,a120,,,
1163,strainer,I,,
1164,calibrate_stat adjust_set point,,,
1165,fabricated,,,
1166,leak repair,,,
1167,hand_valv open,,,
1168,cold room,P,cold,
1169,group,,,
1170,fume_hood alarm,,,
1171,cold action_take,,,
1172,poc_christina,,,
1173,acu_'s,,,
1174,t-3_controller,,,
1175,alarm reset,,,
1176,hot water valve,,,
1177,b_side,,,
1178,stat replace,,,
1179,check system find,,,
1180,adjustment_make poc,,,
1181,acu_,,,
1182,restart check_operation,,,
1183,poc_william,,,
1184,adjust room,S,adjust,
1185,construction_shop,,,
1186,find hand_valv,,,
1187,action_take change,,,
1188,bldg 223,I,223,
1189,condensate_pan,,,
1190,point vav,,,
1191,reason,,,
1192,thermostat poc,,,
1193,stat for_72*f,,,
1194,belimo_actuator,,,
1195,stat alarm,P,alarm,
1196,valve poc,,,
1197,too_hot temperature in_bldg,,,
1198,plug,I,,
1199,ceiling_tile,,,
1200,value,,,
1201,b310,,,
1202,-PRON- come,X,,
1203,assist,,,
1204,open_hand valve,,,
1205,diaphram,I,,
1206,stuck_stem,,,
1207,open_hand,,,
1208,gain_access,,,
1209,month,,,
1210,loading_dock,,,
1211,sound_like,,,
1212,balance,,,
1213,stuffy,P,stuffy,
1214,low flow,P,low_flow,
1215,reset_freeze stat alarm,,,
1216,too_cold temperature,,,
1217,p.m.,,,
1218,13,,,
1219,poc_diane,,,
1220,adjust_set point on_computer,,,
1221,adjust damper,S,adjust,
1222,device,,,
1223,action_take replace_diaphrgam,,,
1224,78*f,I,78F,
1225,too_hot replace_diaphragm,,,
1226,calibrate adjust,,,
1227,leak water,P,leak,
1228,bldg_235,,,
1229,100,,,
1230,calibration_of,,,
1231,shaft bearing,,,
1232,guard,,,
1233,1/2,X,,
1234,acu-14,I,acu-14,
1235,control room,I,control_room,
1236,john,S,person,
1237,actuator room,,,
1238,intake,I,,
1239,laboratory,I,,
1240,build_216,,,
1241,last_week,,,
1242,attach,,,
1243,heat_exchanger,,,
1244,cafeteria,I,,
1245,207,,,
1246,b141,,,
1247,auto,,,
1248,current,,,
1249,red_auditorium,,,
1250,outside_air damper,,,
1251,-PRON- okay,X,,
1252,strong,,,
1254,turn -PRON-,,,
1255,humidity set_point,,,
1256,b131,,,
1257,machine,,,
1258,-PRON- need,X,,
1259,prevent,,,
1260,rh,,,
1261,trash,,,
1262,tension_belt,,,
1263,bldg 227,I,227,
1264,poc_mike,,,
1265,point thermostat,,,
1266,temperature find,,,
1267,check water_detection alarm,,,
1268,notify,,,
1269,request check too_hot,,,
1270,extremely cold,P,cold,
1271,action_take complete_per,,,
1272,wing,I,,
1273,system off_line,,,
1274,action_take adjust_set,,,
1275,unit after_power,,,
1276,continue,,,
1277,a16,,,
1278,apc,,,
1279,right,,,
1280,76*f,I,76F,
1281,action_take adjust_set point,,,
1282,screw,I,,
1283,operation aok,,,
1284,load_shedding,,,
1285,room temperature too_warm,,,
1286,noisey,P,noisy,
1287,module,I,,
1288,2 degree,I,2F,
1289,mount,,,
1290,16,,,
1291,supply_duct,,,
1292,randy,S,person,
1293,out_of service,,,
1294,preheat valve,,,
1295,alarm fan_section,,,
1296,freezestat,I,,
1297,fabricate instal,,,
1298,low temperature,P,cold,
1299,operational,,,
1300,unit serve_area,,,
1301,system normal,,,
1302,diaphrgam,I,diaphragm,
1303,build_227,,,
1304,alarm go_off,,,
1305,leak poc,,,
1306,check freeze_stat,,,
1307,action_take complete_per request,,,
1308,request check too_cold,,,
1309,stat adjustment,S,adjust,
1310,work complete,,,
1311,due_to contractor,,,
1312,hood exhaust,,,
1313,poc_chris,,,
1314,phone_message customer,,,
1315,not_work action_take,,,
1316,2nd,I,2nd_floor,
1317,damage,,,
1318,note_false,,,
1319,bearing shaft,,,
1320,grease,I,,
1321,hose,I,,
1322,high_bay,,,
1323,radiator,I,,
1324,temperature control,,,
1325,a321,,,
1326,a143,,,
1327,65*f,I,65F,
1328,draw,,,
1329,calibrate grad,S,calibrate,
1330,60_degree,I,60F,
1331,motor replace,,,
1332,-PRON- replace,X,,
1333,house,I,,
1334,lab temperature,I,temperature,
1335,75*f,I,75F,
1336,disconnect,,,
1337,repair air_line,,,
1338,b121,,,
1339,defusser,I,diffuser,
1340,tank,I,,
1341,ep,,,
1342,start hot,,,
1343,action_take raise_set point,,,
1344,adjust stat set,S,adjust,
1345,adjust_set point for_70*f,,,
1346,replace fan,S,replace,
1347,would_like,,,
1348,start unit verify_operation,,,
1349,too_cold temperature in_bldg,,,
1350,resolve_issue,,,
1351,temperature too_warm in_bldg,,,
1352,actuator verify_proper,,,
1353,second,,,
1354,do_not work,,,
1355,temperture,I,temperature,
1356,point room,,,
1357,make_loud noise,,,
1358,unit down_for pm,,,
1359,pulley belt,,,
1360,67*f,I,67F,
1361,a_lot,X,,
1362,1st_floor,I,,
1363,coordinate_with,,,
1364,detail_description,,,
1365,m_slip detail_description,,,
1366,cold temperature in_bldg,,,
1367,alarm action_take reset_fs,,,
1368,way too_hot,,,
1369,action_take raise_set,,,
1370,selection,,,
1372,portable,,,
1373,ccf,,,
1374,tom,I,person,
1375,load_dock,,,
1376,paper,I,,
1377,meet,,,
1378,number,,,
1379,storeroom,I,,
1380,cause noise,,,
1381,b116,,,
1382,fan belt,I,fan_belt,
1383,warm air,I,warm_air,
1384,the_past,,,
1385,reset_f.s unit,,,
1386,summer,,,
1387,constant,,,
1388,feel,,,
1389,a207,,,
1390,green,,,
1391,hand,,,
1392,pipe_shop replace,,,
1393,c01,,,
1394,replace pulley,S,replace,
1395,come_out vent,,,
1396,wds_alarm,,,
1397,find stat set,,,
1398,knob,I,,
1399,calibrate stat,S,calibrate,
1400,room find,,,
1401,room poc,,,
1402,poc_brian,,,
1403,replace_re heat_diaphragm calibrate_stat,,,
1404,heat_diaphragm calibrate_stat,,,
1405,poc_gail,,,
1406,-PRON- room,X,,
1407,actuator adjust,,,
1408,valve verify_operation,,,
1409,person,I,,
1410,check too_hot temperature,,,
1411,54*f,I,54F,
1412,block,I,,
1413,present_at,,,
1414,code,,,
1415,15,,,
1416,58*f,I,58F,
1417,discharge set_point,,,
1418,2_ea,,,
1419,1_ea,,,
1420,fan verify_operation,,,
1421,warm temperature,P,hot,
1422,later,,,
1423,customer_say -PRON-,,,
1424,hand_valv open valve,,,
1425,belt check_operation,,,
1426,library,I,,
1427,space poc,,,
1428,acu 1,,,
1429,open_door,,,
1430,correct_issue,,,
1431,check exhaust,P,check_request,
1432,request check fume_hood,,,
1433,signal,I,,
1434,server_room,,,
1435,frame,I,,
1436,main air,I,main_air,
1437,correctly,,,
1438,this_morning,,,
1439,return_grill,,,
1440,boiler,I,,
1441,rattle,P,,
1442,repair damper,S,repair,
1443,damper motor,R,,
1444,air_flow room,,,
1445,air compressor,I,air_compressor,
1446,lady room,I,bathroom,
1447,west,,,
1448,miss,,,
1449,24,,,
1450,leak coil,P,leak,
1451,e_wing,,,
1452,2,X,,
1453,hot humid,,,
1454,ductwork,I,duct_work,
1455,deliver,,,
1456,b100,,,
1457,air_dryer,,,
1458,snow,I,,
1459,a132,,,
1460,need adjust,,,
1461,hood_monitor,,,
1462,see_if,,,
1463,note_false asset_list,,,
1464,request check water,,,
1465,remove_old,,,
1466,reset vav_box,,,
1467,adjusted stat,S,adjust,
1468,asset_list,,,
1469,notice,,,
1470,71_degree,I,71F,
1471,adjust_set point thermostat,,,
1472,read_low,,,
1473,replace_diaphragm induction_unit,,,
1474,go_away,,,
1475,supply_grill,,,
1476,all_is,,,
1477,poc_willy,,,
1478,pm perform,,,
1479,set_point for_70*f,,,
1480,portrait_room,,,
1481,serve room,,,
1482,find acu-4,,,
1483,heat_diaphragm adjust,,,
1484,find acu-6,,,
1485,poc_bobby,,,
1486,replace pre_heat,,,
1487,align tension,,,
1488,alarm sound,P,alarm,
1489,clean coil,S,clean,
1490,heater not_work,,,
1491,calibrate adjust stat,,,
1492,57*f,I,57F,
1493,add_heat,,,
1494,visitor_center,,,
1495,ne replace,,,
1496,b105,,,
1497,replace_re heat_diaphragm adjust,,,
1498,check too_cold temperature,,,
1499,2nd_floor,I,,
1500,preventive_maintenance,,,
1501,calibrate_stat verify_operation,,,
1502,replace_diaphragm calibrate_stat check_operation,,,
1503,actuator verify_proper operation,,,
1504,south,,,
1505,low_limit,,,
1506,siemen,,,
1507,unit -PRON-,,,
1508,temperature humidity,,,
1509,effect,,,
1510,exhaust hood,I,exhaust_hood,
1511,vortex,,,
1512,23,,,
1513,humidity control,,,
1514,ahu-6_2,,,
1515,burn_smell,,,
1516,bracket,I,,
1517,valve stem,I,valve,
1518,restart_equipment,,,
1519,a267,,,
1520,piping,I,,
1521,gym,,,
1522,hv,,,
1523,roof_top,,,
1524,damper open,,,
1525,70,,,
1526,60,,,
1527,b126,,,
1528,instrument,I,,
1529,cool_section,,,
1530,b118,,,
1531,check unit find,,,
1532,action_take unit,,,
1533,check_operation unit,,,
1534,80*f,I,80F,
1535,system aok,,,
1536,off_line restart,,,
1537,fume_hood in_bldg,,,
1538,contact customer,S,poc_customer,
1539,alignment,I,,
1540,reset_freezestat,,,
1541,air damper,I,damper,
1542,recalibrat,,,
1543,calibrate_stat verify_proper,,,
1544,b106,,,
1545,electric_shop replace motor,,,
1546,action_take calibrate_stat check_operation,,,
1547,deck,,,
1548,replace fuse,S,replace,
1549,calibrate set,,,
1550,68_degree,I,68F,
1551,restart fan,S,reset,
1552,specification,,,
1553,62*f,I,62F,
1554,72,,,
1555,reset_fault start_equipment,,,
1556,renovate,,,
1557,water_detection sensor,,,
1558,a357,,,
1559,suspect,X,,
1560,b185,,,
1561,resent_code vav,,,
1562,request check air,,,
1563,keep_come,,,
1564,happen,,,
1565,check leak,,,
1566,verify_operation re_heat,,,
1567,poc_kelso,,,
1568,reset controller,S,reset,
1569,heat room,,,
1570,not_able locate,,,
1571,all_is work_well,,,
1572,unit poc,,,
1573,too_warm action_take,,,
1574,b152,,,
1575,aware,,,
1576,a100,,,
1577,unit valve,I,valve,possibly induction
1578,actuator check_operation,,,
1579,point space,,,
1580,poc_bruce,,,
1581,reset system,,,
1582,set_point poc customer,,,
1583,carpet,I,,
1584,drip_ell,,,
1585,all_week,,,
1586,a103,,,
1587,rebuild_actuator,,,
1588,a140,,,
1589,b140,,,
1590,b115,,,
1591,info,,,
1592,water_fountain,,,
1593,vent blow,,,
1594,job,,,
1595,bleed,,,
1596,fan alarm,P,alarm,
1597,op,,,
1598,sheaf,I,,
1599,in_bldg 101,,,
1600,unit room,,,
1601,17,,,
1602,30,,,
1603,bypass,,,
1604,column,,,
1605,b158,,,
1606,room -PRON-,,,
1607,replace break_belt,,,
1608,reset_fault start,,,
1609,air room,,,
1610,ahu-1,I,ahu-1,
1611,joe,I,person,
1612,nist,,,
1613,sign,,,
1614,acu-17,I,acu-17,
1615,programming,,,
1616,think,X,,
1617,replace flex_connection,,,
1618,aml,,,
1619,please_contact,,,
1620,find acu-3,,,
1621,request replace,,,
1622,start hot water_pump,,,
1623,b114,,,
1624,noise go_away,,,
1625,verify_calibration stat,,,
1626,valve actuator calibrate_stat,,,
1627,detect,,,
1628,return normal,,,
1629,very_cold action_take,,,
1630,please_see,,,
1631,temperature normal,,,
1632,adjust calibrate,,,
1633,pm'd,,,
1634,leak from_ceiling,,,
1635,poc_daniel,,,
1636,const_shop,,,
1637,unit after_power bump,,,
1638,issue_resolve,,,
1639,hot lab,P,hot,
1640,office calibrate_stat,,,
1641,hot replace_diaphragm,,,
1642,heat_diaphragm adjust stat,,,
1643,find re_heat,,,
1644,velocity,I,,
1645,ac not_work,,,
1646,exhaust_fan not_work,,,
1647,due_to load_shedding,,,
1648,check discharge,P,check_request,
1649,clear_alarm verify_proper operation,,,
1650,fabricate install,,,
1651,clear_alarm verify_proper,,,
1652,replace_re heat_diaphragm verify_operation,,,
1653,b248,,,
1654,b164,,,
1655,check calibration_of,,,
1656,customer -PRON-_say,,,
1657,wiring,I,,
1658,randy_wixom,,,
1659,heat_diaphragm verify_operation,,,
1660,issue relate,,,
1661,discharge temp,I,temperature,
1662,too_cold find,,,
1663,hot rm,P,hot,
1664,valve adjust stat,,,
1665,action_take check_operation,,,
1666,belt tension,,,
1667,action_take replace fail,,,
1668,remain,,,
1669,make_sure,,,
1670,experiment,,,
1671,water reset_alarm,,,
1672,stroke,,,
1673,glycol,I,,
1674,a310,,,
1675,a705,,,
1676,guide_hall,,,
1677,mod,,,
1678,result,,,
1679,motor_sheave,,,
1680,b109,,,
1681,booster unit,I,booster_unit,
1682,b123,,,
1683,s room,,,
1684,union,,,
1685,belt pulley,,,
1686,manual,,,
1687,b324,,,
1688,insulate,S,,
1689,dielectric,I,,
1690,a145,,,
1691,replace 3,S,replace,
1692,repair leak valve,,,
1693,let_-PRON-,,,
1694,extension,I,,
1695,several_time,,,
1696,alarm due_to,,,
1697,store room,I,store_room,
1698,on_monday,,,
1699,after_furniture,,,
1700,acu_c1,,,
1701,50%,,,
1702,c100,,,
1703,b339,,,
1704,wind_tunnel,,,
1705,shop_30,,,
1706,r.,,,
1707,heat not_work,,,
1708,too_cold replace,,,
1709,check warm,P,hot,
1710,water come_from,,,
1711,belt_align,,,
1712,suppose,,,
1713,adjust_thermostat set_point poc,,,
1714,stat repair,,,
1715,control_valve check_operation,,,
1716,check -PRON-,,,
1717,a107,,,
1718,poc_joseph,,,
1719,adjust room temperature,S,adjust,
1720,hot replace,,,
1721,adjust t_stat,,,
1722,humidty high,,,
1723,a150,,,
1724,sheet_metal shop,,,
1725,change belt,P,bad,
1726,71*f poc,I,71F,
1727,action_take clean,,,
1728,stat out_of,,,
1729,down_for renovation,,,
1730,control_valve actuator,,,
1731,unit check,,,
1732,set 70_degree,,,
1733,908_controller,I,controller,
1734,fan check_operation,,,
1735,lack_of,,,
1736,very_cold calibrate_stat,,,
1737,safety_office,,,
1738,system run,,,
1739,building_manager,,,
1740,leak attic,,,
1741,adjusted thermostat,S,adjust,
1742,serve_this,,,
1743,restart unit after_power,,,
1744,confirm operation aok,,,
1745,poc_jame,,,
1746,check area find,,,
1747,calibrate_stat verify_proper operation,,,
1748,stat setting,I,set_point,
1749,raise temp,,,
1750,too_hot find,,,
1751,bldg 222,,,
1752,come_from vent,,,
1753,office too_warm,,,
1754,unit make_noise,,,
1755,alarm check,,,
1756,hood read_low,,,
1757,no_answer,,,
1758,acu-,I,air_conditioning_unit,
1759,leave_customer message,,,
1760,present_at this_time,,,
1761,very_warm in_bldg,,,
1762,turn_over ddc,,,
1763,hot calibrate_stat,,,
1764,hour,,,
1765,air_volume,,,
1766,air supply,,,
1767,advise,,,
1768,vibrate,I,vibration,
1769,purchase,,,
1770,weld,,,
1771,men,,,
1772,condenser,I,,
1773,belimo,,,
1774,a109,,,
1775,203,,,
1776,change filter,S,replace,
1777,a127,,,
1778,b150,,,
1779,bldg 224,,,
1780,supply return,,,
1781,acu-19,I,acu-19,
1782,a262,,,
1783,alarm present,P,alarm,
1784,entrance,I,,
1785,too_cold adjust,,,
1786,e_fan,,,
1787,informed,,,
1788,change diaphragm,S,replace,
1789,room_temperature- too_cold,,,
1790,talk_with,,,
1791,replace belt check_operation,,,
1792,check hood,P,check_request,
1793,confirm_proper operation,,,
1794,room action_take,,,
1795,alarm alarm,,,
1796,bring,,,
1797,find hand_valv open,,,
1798,too_cold raise_set,,,
1799,valve verify_proper,,,
1800,too_cold raise_set point,,,
1801,check office,P,check_request,
1802,adjust freeze_stat,,,
1803,occur,,,
1804,poc_susan,,,
1805,rise,,,
1806,office in_bldg,,,
1807,poc_lisa,,,
1808,for_70*f poc customer,,,
1809,respond,,,
1810,a_c action_take,X,,
1811,reset_alarm start unit,,,
1812,replace_sleeve,,,
1813,very_cold calibrate_stat check_operation,,,
1814,discharge high,P,discharge_high,
1815,repair complete,,,
1816,replace with_new,,,
1817,probably,,,
1818,request check warm,,,
1819,calibrate_stat set for_72*f,,,
1820,sensor reset_alarm,,,
1821,zone_2,,,
1822,blast,,,
1823,director,I,,
1824,induction_unit calibrate_stat,,,
1825,acu-1 2,,,
1826,confirm_calibration,,,
1827,action_take instal,,,
1828,install_new,,,
1829,hasn't,,,
1830,poc_melissa,,,
1831,-PRON- work,X,,
1832,replace_diaphragm actuator,,,
1833,two_induction,,,
1834,tell,,,
1835,two_induction unit,,,
1836,back_into,,,
1837,air blow_out,,,
1838,converter,I,,
1839,regulator,I,,
1840,probe,I,,
1841,ahu-6_1,,,
1842,roll_filter,,,
1843,build_215,,,
1844,b143,,,
1845,half,,,
1846,spring,I,,
1847,b05,,,
1848,drive_issue,,,
1849,red,,,
1850,e-4,,,
1851,humidity_pot,,,
1852,b217,,,
1853,lose,P,loose,
1854,storage,,,
1855,valve repair,,,
1856,occupant,,,
1857,door_open,,,
1858,cool_mode,,,
1859,freeze_stat alarm come,,,
1860,22,,,
1861,acu 3,,,
1862,a155,,,
1863,unit leak,P,leak,
1864,lock_out,,,
1865,fluctuate,P,,
1866,fitting,I,,
1867,clean vent,,,
1868,room temp_ok,,,
1869,space control,,,
1870,find problem,,,
1871,reset_alarm start system,,,
1872,freeze_stat reset_alarm,,,
1873,operation check,,,
1874,a161,,,
1875,temperature high,,,
1876,rest room,S,reset,
1877,heat action_take,,,
1878,920b_controller,I,controller,
1879,thermostat poc customer,,,
1880,control_valve calibrate_stat,,,
1881,crack,,,
1882,112,,,
1883,little,,,
1884,lab cold,,,
1885,sensor clear_alarm,,,
1886,room very_cold,,,
1887,action_take calibrate thermostat,,,
1888,stem valve,,,
1889,ofpm,,,
1890,air system,,,
1891,temperature office,,,
1892,any_question,,,
1893,control set_point,,,
1894,a156,,,
1895,room_temperature- too_cold in_bldg,,,
1896,construction,,,
1897,temperature very_warm,,,
1898,ph_message,,,
1899,lower_set point check_operation,,,
1900,point for_70*f poc,,,
1901,know_that,,,
1902,stuck,P,,
1903,b120,,,
1904,customer poc,,,
1905,discharge unit,,,
1906,poc_dawn,,,
1907,filter change,S,replace,
1908,induction_unit valve calibrate_stat,,,
1909,poc_laurean,,,
1910,reset_f.s unit restart,,,
1911,stat check,P,check_request,
1912,25,,,
1913,replace -PRON-,,,
1914,leak control_valve,,,
1915,order replace,,,
1916,a355,,,
1917,customer room,,,
1918,unit service,,,
1919,induction_unit thermostat,,,
1920,induction_unit poc,,,
1921,moisture,I,,
1922,freon,I,,
1923,a170,,,
1924,acid,,,
1925,e-2,,,
1926,face,,,
1927,b145,,,
1928,a245,,,
1929,b127,,,
1930,smoke,P,,
1931,tile,,,
1932,minute,,,
1933,2014,X,,
1934,replace shaft,S,replace,
1935,heather,I,person,
1936,kathy,I,person,
1937,will_not reset,,,
1938,a130,,,
1939,corner,,,
1940,replace freeze_stat,,,
1941,trouble alarm,P,alarm,
1942,fresh_air,,,
1943,restart system,,,
1944,check alarm,P,alarm,
1945,identify,,,
1946,conference,,,
1947,freezing,P,cold,
1948,readjust,S,adjust,
1949,system -PRON-,,,
1950,credit_union,,,
1951,1 2,X,,
1952,a151,,,
1953,a02,,,
1954,a352,,,
1955,at_72,,,
1956,111,,,
1957,packing,,,
1958,restore_communication,,,
1959,chilled_water coil,,,
1960,repair broken,S,repair,
1961,create,,,
1962,as_soon,,,
1963,a146,,,
1964,very_humid,,,
1965,air come_out vent,,,
1966,from_old,,,
1967,by_ddc group,,,
1968,poc cole,,,
1969,belt unit,,,
1970,acu_7,,,
1971,area action_take,,,
1972,damper set_point,,,
1973,appear_that,,,
1974,room set_point,,,
1975,thermostat calibrate,,,
1976,recently,,,
1977,release,,,
1978,-PRON- check,X,,
1979,c33,,,
1980,leak adjust,,,
1981,clean filter,S,clean,
1982,check fan,P,check_request,
1983,adjust stat verify_proper,,,
1984,poc_janet,,,
1985,system operation,,,
1986,alarm clear_alarm,,,
1987,mike,S,person,
1988,b68,,,
1989,that_serve area,,,
1990,clear_clog,,,
1991,return fan,I,return_fan,
1992,b108,,,
1993,b111,,,
1994,too_cold make_adjustment,,,
1995,duplicate_m,,,
1996,no_other issue,,,
1997,valve replace_diaphragm,,,
1998,fan not_work,,,
1999,action_take find room,,,
2000,reset fan,S,reset,
2001,find hood,,,
2002,check noise_come,,,
2003,set for_70*f poc,,,
2004,alarm reset_alarm start,,,
2005,area poc,,,
2006,leave_customer phone_message,,,
2007,2nd_fl,I,2nd_floor,
2008,replace_sleeve diaphragm,,,
2009,a_couple,X,,
2010,hand_position,,,
2011,check valve,P,check_request,
2012,direction,,,
2013,water_present reset_alarm,,,
2014,valve verify_proper operation,,,
2015,very_cold office,,,
2016,in_bldg 235,,,
2017,come_from ceiling,,,
2018,another_ms,,,
2019,acu-16,I,acu-16,
2020,bldg 301,,,
2021,stat out_of calibration,,,
2022,freeze_stat reset,,,
2023,action_take find system,,,
2024,action_take lower_discharge,,,
2025,offline,P,,
2026,acu unit,I,air_conditioning_unit,
2027,poc_thoma,,,
2028,b328,,,
2029,point verify_proper operation,,,
2030,set_point verify_proper,,,
2031,point verify_proper,,,
2032,set_point verify_proper operation,,,
2033,air leak poc,,,
2034,zone_4,,,
2035,calibrate_stat check,,,
2036,induction_unit valve check_operation,,,
2037,damper_close,,,
2038,action_take remove,,,
2039,condensor,I,,
2040,down_for p.m.,,,
2041,loud_noise come_from,,,
2042,no_other problem,,,
2043,induction_unit valve actuator,,,
2044,will_monitor,,,
2045,replace stat calibrate,,,
2046,air in_bldg,,,
2047,come clear,,,
2048,b350,,,
2049,b168,,,
2050,battery,I,,
2051,fpm,,,
2052,bolt,I,,
2053,e-9,,,
2054,a183,,,
2055,pre_heat coil,,,
2056,excessive,,,
2057,display,I,,
2058,b254,,,
2059,vibration_reading,,,
2060,datum_logger,,,
2061,tag_out,,,
2062,e-3,,,
2063,sit,,,
2064,re_heat coil,,,
2065,b119,,,
2066,evaporator,I,,
2067,ef-3,,,
2068,hepa_filter,,,
2069,connect,I,,
2070,monday,,,
2071,mep,,,
2072,go_into,,,
2073,b255,,,
2074,b365,,,
2075,jeff,I,person,
2076,discharge temperature,R,,
2077,grad re_heat,,,
2078,b104,,,
2079,belt_guard,,,
2080,joc,,,
2081,a353,,,
2082,issue resolve,S,fixed,
2083,temp 70_degree,,,
2084,unit off_due,,,
2085,74_degree,I,74F,
2086,perform work,,,
2087,replace faulty,S,replace,
2088,find acu,,,
2089,b128,,,
2090,duct_sensor,,,
2091,70*f poc,I,70F,
2092,repair stuck_stem,,,
2093,vav_'s,,,
2094,start verify_operation,,,
2095,vav_,,,
2096,check freeze_stat alarm,,,
2097,55*f,I,55F,
2098,room replace,,,
2099,110,,,
2100,poc mr,,,
2101,customer_write,,,
2102,fail belt,P,failure,
2103,gas,,,
2104,electric_shop repair,,,
2105,temperature 71*f,,,
2106,middle,I,,
2107,pump_off,,,
2108,read_low velocity,,,
2109,put_back,,,
2110,hood read_low velocity,,,
2111,actuator adjust stat,,,
2112,tstat_all,,,
2113,leak come_from,,,
2114,office calibrate_stat check_operation,,,
2115,leak action_take,,,
2116,action_take replace induction_unit,,,
2117,alarm replace,,,
2118,damper door,I,damper_door,
2119,base,,,
2120,email,,,
2121,a147,,,
2122,acu discharge,I,discharge,
2123,water system,,,
2124,power_bump restart,,,
2125,find off_line,,,
2126,very_cold room,,,
2127,air_flow set_point,,,
2128,possibly,,,
2129,prior,,,
2130,a224,,,
2131,check belt,P,check_request,
2132,b08,,,
2133,replace water_detection,,,
2134,find air,,,
2135,replace control,S,replace,
2136,action_take room,,,
2137,action_take reset_alarm,,,
2138,90_degree,I,90F,
2139,order_new,,,
2140,b20,,,
2141,hot cold,,,
2142,stat set_point for_70*f,,,
2143,up_water,,,
2144,start fan verify_operation,,,
2145,checked,S,check,
2146,purge,,,
2147,hwc-2,,,
2148,clean sensor,S,clean,
2149,customer equipment,,,
2150,30%,,,
2151,alarm unit,,,
2152,150,,,
2153,office -PRON-,,,
2154,please_investigate,,,
2155,acu 2,I,acu-2,
2156,set temp,S,adjust,
2157,water_detect,,,
2158,reset_breaker,,,
2159,a330,,,
2160,bldg 226,,,
2161,long,,,
2162,at_ext,,,
2163,find poc,,,
2164,leak replace,,,
2165,accord,,,
2166,auto_mode,,,
2167,p,,,
2168,air_intake,,,
2169,100%,X,,
2170,ensure,,,
2171,honeywell,,,
2172,ef-6,,,
2173,preheat_section,,,
2174,repack,,,
2175,replace shaft bearing,,,
2176,b147,,,
2177,baseboard,I,,
2178,ladder,,,
2179,west_end,,,
2180,72f,I,72F,
2181,a101,,,
2182,damper_linkage,,,
2183,speed,I,,
2184,acu_b5,,,
2185,removal,,,
2186,room b,,,
2187,per_f,,,
2188,operate_properly,,,
2189,shift_supervisor,,,
2190,per_f.,,,
2191,b200,,,
2192,bearing replace,,,
2193,tech,I,person,
2194,control_valve leaking,,,
2195,106,,,
2196,ask,,,
2197,type,,,
2198,failure_alarm,,,
2199,b110,,,
2200,head,I,,
2201,east,I,,
2202,as_possible,,,
2203,109,,,
2204,no_other problem find,,,
2205,action_take confirm,,,
2206,cool air,I,cold_air,
2207,work -PRON-,,,
2208,start exhaust_fan,,,
2209,stat verify_operation poc,,,
2210,operation system,,,
2211,second_floor,,,
2212,normal poc,,,
2213,check with_customer,,,
2214,117,,,
2215,air leak adjust,,,
2216,belt_align tension,,,
2217,remove_pulley,,,
2218,poc kevin,,,
2219,for_maintenance,,,
2220,73_degree,I,73F,
2221,reset_fs ok,,,
2222,lecture_room b,,,
2223,room control,,,
2224,filter replace,,,
2225,a324,,,
2226,flow alarm,P,alarm,
2227,air office,,,
2228,calibrate_stat set for_70*f,,,
2229,speak_with customer -PRON-,,,
2230,repair adjust,,,
2231,acu not_work,,,
2232,2*f,I,2F,
2233,humidity sensor,I,humidity_sensor,
2234,unit not_work,,,
2235,temp_72,,,
2236,space_temperature 71*f,,,
2237,verify space_temperature,,,
2238,humidity low,,,
2239,check_operation system,,,
2240,room temperature find,,,
2241,b204,,,
2242,verify discharge,P,check_request,
2243,request poc,,,
2244,space_temperature 72*f,,,
2245,check noise,P,check_request,
2246,adjust repair,,,
2247,check warm temperature,P,hot,
2248,b.,,,
2249,replace_diaphragm reheat,,,
2250,actuator induction_unit,,,
2251,check room_temperature- too_cold,,,
2252,lower_discharge set_point,,,
2253,ok at_this,,,
2254,b252,,,
2255,paint,I,,
2256,adjust humidity,,,
2257,check room temp,P,check_request,
2258,per_frank,,,
2259,thermostat set_point,,,
2260,customer_want,,,
2261,ea,,,each
2262,find alarm,,,
2263,second_request,,,
2264,water leak from_ceiling,,,
2265,ok at_this time,,,
2266,thermostat room,,,
2267,heat unit,I,heat_unit,
2268,18,,,
2269,valve room,,,
2270,room air,I,air,
2271,maybe,,,
2272,check acu,P,check_request,
2273,repair water,S,repair,
2274,room set,,,
2275,cold calibrate_stat,,,
2276,poc_nancy,,,
2277,reach,,,
2278,unit verify_proper,,,
2279,shop_30 find,,,
2280,stat adjust_set,,,
2281,poc_george,,,
2282,valve actuator verify_operation,,,
2283,request adjust room,,,
2284,temperature very_warm in_bldg,,,
2285,resolve_by,,,
2286,turn a_c,,,
2287,unit verify_proper operation,,,
2288,too_warm calibrate_stat,,,
2289,raise temperature,S,adjust,
2290,motor instal,,,
2291,find damper,,,
2292,30_action find control_valve,,,
2293,room in_bldg,,,
2294,let_customer,,,
2295,debris,I,,
2296,actually,,,
2297,oil,I,,
2298,a144,,,
2299,e-10,,,
2300,ice_maker,,,
2301,heat pump,I,heat_pump,
2302,b246,,,
2303,b033,,,
2304,b102,,,
2305,carry_over,,,
2306,-PRON- hot,X,,
2307,bay,,,
2308,b363,,,
2309,a158,,,
2310,rattle_noise,,,
2311,check exhaust_fan,,,
2312,floor_drain water_detector,,,
2313,safe,,,
2314,sharon,I,person,
2315,fan bearing,I,fan_bearing,
2316,attempt,,,
2317,thermo,I,thermostat,
2318,drain line,I,drain_line,
2319,1/4,X,,
2320,high temp,P,hot,
2321,from_old motor,,,
2322,mechanical,,,
2323,catch,,,
2324,rick,I,person,
2325,rotation,I,,
2326,. potts,X,,
2327,per_f. potts,,,
2328,thursday,,,
2329,stay,,,
2330,please_fix,,,
2331,ulf,,,
2332,shut,U,,
2333,a141,,,
2334,acu_e2,,,
2335,coil repair,,,
2336,record,,,
2337,humidifier,I,,
2338,slow,,,
2339,unit serve,,,
2340,blow air,,,
2341,night,,,
2342,check high,P,check_request,
2343,check a_c,,,
2344,too_hot adjust,,,
2345,temperature check,,,
2346,odor_come,,,
2347,pm poc,,,
2348,say_that,,,
2349,a115,,,
2350,not_work room,,,
2351,find exhaust_fan,,,
2352,check attic,P,check_request,
2353,poc_barbara,,,
2354,will_not start,,,
2355,nut,,,
2356,-PRON- cold,X,,
2357,run_24/7,,,
2358,repair system,,,
2359,reset vav,S,reset,
2360,talk_with customer,,,
2361,a227,,,
2362,furniture_move,,,
2363,repair water leak,S,repair,
2364,with_sponsor,,,
2365,cold office,P,cold,
2366,8,X,,
2367,water_detection alarm fan_section,,,
2368,verify_operation re_heat valve,,,
2369,temp_72 degree,,,
2370,verify temperature,P,check_request,
2371,cold calibrate_stat check_operation,,,
2372,repair freeze_stat,,,
2373,21,,,
2374,tomorrow,,,
2375,belt_2ea,,,
2376,room temperature very_warm,,,
2377,fan_fail booster,,,
2378,shop_02,,,
2379,a221,,,
2380,request check exhaust,,,
2381,different,,,
2382,find acu-10,,,
2383,question,,,
2384,s restroom,I,bathroom,
2385,a232,,,
2386,belt break,P,broken,
2387,water_loop,,,
2388,work unit,,,
2389,leak calibrate_stat,,,
2390,do_so,,,
2391,poc_kathryn,,,
2392,b226,,,
2393,check humidity,P,check_request,
2394,replaced_induction,,,
2395,low air_flow,,,
2396,replace control_valve calibrate_stat,,,
2397,room warm,,,
2398,replace reheat,S,replace,
2399,stat adjust_set point,,,
2400,valve close,,,
2401,complete m_slip,,,
2402,action_take replace_re,,,
2403,office hot rm,,,
2404,loose_wire,,,
2405,air set_point,,,
2406,poc_ann,,,
2407,acu-15,I,acu-15,
2408,update,,,
2409,personel,I,person,
2410,repair valve,S,repair,
2411,stem re_heat,,,
2412,poss,,,
2413,touch,,,
2414,description,,,
2415,adjsut,,,
2416,a153,,,
2417,poc_jennifer,,,
2418,poc phone_message,,,
2419,vortex_damper,,,
2420,reset restart,,,
2421,adjusted air_flow,,,
2422,clean unit,S,clean,
2423,acu-1 discharge,I,discharge,
2424,work system,,,
2425,236,I,,
2426,repair actuator,S,repair,
2427,d.,,,
2428,air leak calibrate_stat,,,
2429,reciev,,,
2430,another_m,,,
2431,replaced_induction unit,,,
2432,valve diaphragm,,,
2433,let,,,
2434,calibrate verify_operation,,,
2435,a229,,,
2436,70f,I,70F,
2437,removed,P,removed,
2438,b308,,,
2439,62_degree,I,62F,
2440,penthouse,I,,
2441,28,,,
2442,66*f,I,66F,
2443,leak unit,,,
2444,find contractor,,,
2445,_'s restroom,I,restroom,
2446,adjust stat for_70*f,,,
2447,pat,,,
2448,action_take reset_fs ok,,,
2449,pre_heat diaphragm,,,
2450,air_flow hood,,,
2451,high in_bldg,,,
2452,poc frank,,,
2453,action_take adjust_thermostat set_point,,,
2454,b149,,,
2455,action_take work,,,
2456,pre,,,
2457,mold,P,,
2458,tube,I,,
2459,dump,,,
2460,truck,,,
2461,jatin,I,person,
2462,cw,,,
2463,bldg 216,,,
2464,75_degree,I,75F,
2465,pack,,,
2466,hwc-1,,,
2467,bldg_217,,,
2468,valve_leaking,,,
2469,experience,,,
2470,contactor,I,person,
2471,run_constantly,,,
2472,temperature lab,,,
2473,a217,,,
2474,a354,,,
2475,b239,,,
2476,north,,,
2477,b325,,,
2478,coupling,I,,
2479,b355,,,
2480,flood,P,,
2481,a209,,,
2482,b166,,,
2483,freezer,I,,
2484,water_detection system,,,
2485,scott,I,person,
2486,key,,,
2487,blow hard,,,
2488,tolerance,,,
2489,-PRON- appear,X,,
2490,a118,,,
2491,directly,,,
2492,drill,I,,
2493,actuator diaphragm,R,,
2494,housing,I,,
2495,high temperature,P,hot,
2496,valve actuator verify_proper,,,
2497,b317,,,
2498,stat calibrate_stat,,,
2499,repair hot,,,
2500,action_take fabricate,,,