token,NE,alias,notes
replaced,S,replace,
broken,P,broken,
st,I,station,
unit,I,unit,
inop,P,inoperable,
motor,I,motor,
spindle,I,spindle,not sure if sp = spindle for sure
leak,P,leak,
valve,I,valve,
repaired,S,repair,
bar,U,bar,
hydraulic,I,hydraulic,
removed,S,remove,
check,S,check,
accumulator,I,accumulator,
coolant,I,coolant,
bearings,I,bearing,
conveyor,I,conveyor,
table,I,table,
sensor,I,sensor,
machine,I,machine,
faults,P,fault,
chip,I,chip,
completed,S,complete,
requested,S,request,
installed,S,install,
pump,I,pump,
screw,I,screw,
adjusted,S,adjust,
base,I,base,
switch,U,switch,
new,U,new,
operator,I,operator,
charged,S,charge,
loader,I,loader,
leaking,P,leak,
pressure,I,pressure,
cleaned,S,clean,
parts,I,part,
loose,P,loose,
alarm,P,alarm,
30bar,,30bar,not sure what to do here
reset,S,reset,
chain,I,chain,
cable,I,cable,
power,U,power,
issue,P,issue,
iemca,I,iemca,
drive,U,drive,
air,I,air,
turret,I,turret,
head,I,head,
belt,I,belt,
clamp,I,clamp,
clutch,I,clutch,
ok,S,ok,
tool,I,tool,
rebuilt,S,rebuild,
fault,P,fault,
oil,I,oil,
cleared,S,clear,
worn,P,worn,
feed,U,feed,
prox,I,prox,
saw,I,saw,
bad,P,broken,
control,U,control,
hp,U,hp,
hose,I,hose,
vogel,I,vogel,
breaker,I,breaker,
line,I,line,
inverter,I,inverter,
collet,I,collet,
filter,I,filter,
brush,I,brush,
swapped,S,swap,
level,U,level,
axis,I,axis,
11,U,11,
low,U,low,
10,U,10,
jammed,P,jam,
index,I,index,not one hundred percent sure here
drill,I,drill,
needs,S,need,
12,U,12,
brushing,I,brush,
contactor,I,contactor,
feeder,I,feeder,
stripped,P,strip,
fitting,I,fitting,
hyd,I,hydraulic,
tank,I,tank,
cleaning,S,clean,
fuse,I,fuse,
flow,I,flow,
track,U,track,
wire,I,wire,
loading,U,load,
stuck,P,stuck,
end,U,end,
position,I,position,
main,U,main,
overload,P,overload,
replace,S,replace,
accumulators,I,accumulator,
connection,I,connector,
lp,I,low_pressure,
alarms,P,alarm,
lube,I,lubrication,
jam,P,jam,
door,I,door,
charge,S,charge,
shaft,I,shaft,
missing,P,missing,
detector,I,detector,
return,U,returning,
wheel,I,wheel,
running,U,running,
transport,U,transport,
ruptured,P,rupture,
stop,U,stop,
forward,U,forward,
xd,I,cross_drill,I think this is cross drill 
cycle,U,cycle,
rebuild,S,rebuild,
cnc,I,cnc,
reported,S,report,
failure,P,failure,
pin,I,pin,
tripping,P,trip,
solenoid,I,solenoid,
damaged,P,broken,
plug,U,plug,
cylinder,I,cylinder,
change,U,change,
indexing,I,index,not one hundred percent sure here
online,U,online,
set,S,set,
offload,I,offload,
gear,I,gear,
chips,I,chip,
50bar,U,50bar,
seals,U,seal,
checked,S,check,
load,U,load,
nok,P,broken,
blown,P,blown,
housing,I,housing,
station,I,station,
auto,U,auto,
gripper,I,gripper,
install,S,install,
pulley,I,pulley,
module,I,module,
rear,I,rear,
ordered,S,order,
spare,U,spare,I'm not sure where to put this or if it is important
bearing,I,bearing,
speed,I,speed,
airline,,air_line,
limit,U,limit,
aligned,S,align,
pendant,I,pendant,
open,U,open,
lock,U,lock,
pack,U,pack,
cut,U,cut,
tightened,S,tighten,
electrical,I,electrical,
seal,U,seal,
spindles,I,spindle,not sure if sp = spindle for sure
encoder,I,encoder,
detection,U,detection,
screws,I,screw,
light,I,light,
repair,S,repair,
travel,U,travel,
discs,I,disc,
actuator,I,actuator,
fan,I,fan,
25bar,U,25bar,
controller,I,controller,
interlock,I,interlock,
tag,S,tag,
dropping,P,drop,
sp,I,spindle,not sure if sp = spindle for sure
counter,I,counter,
slide,I,slide,
shut,U,shut,
threading,I,thread,
wiring,I,wire,
reinstalled,S,install,
major,U,major,I am not sure how to classify this
pusher,I,pusher,
plate,I,plate,
start,U,start,
clamping,I,clamp,
turned,U,turned,
swap,S,swap,
tube,I,tube,
cycled,U,cycle,
safety,I,safety,
pick,U,pick,
locking,U,locking,
bolt,I,bolt,
steve,I,steve,"are we still doing ""person"" for this"
clear,S,clear,
dog,I,dog,
issues,P,issue,
stock,I,stock,
clean,S,clean,
falling,U,fall,
feeding,U,feeding,
cover,I,cover,
play,U,play,
needed,S,need,
adjusting,S,adjust,
flag,I,flag,
cooling,U,cooling,
regulating,U,regulating,
corrected,S,correct,
shift,U,shift,
hydraulics,I,hydraulic,
ball,I,ball,
holder,I,holder,
hsk,U,hsk,this would need to be checked by them
guard,I,guard,
won,U,won,"I think this is ""worn"" but I can't really be sure"
adjustment,S,adjust,
starter,I,starter,
cross,I,cross,
added,S,add,
attachment,I,attachment,
home,U,home,
time,U,time,
returned,S,return,
relay,I,relay,
coil,I,coil,
lead,I,lead,
rod,I,rod,
20bar,U,20bar,
setup,S,setup,
20,U,20,
multiple,X,multiple,
14,U,14,
proximity,I,prox,
excessive,U,excessive,
plc,I,plc,
bolts,I,bolt,
hot,U,hot,
noise,P,noise,
high,U,high,
piston,I,piston,
ready,U,ready,
tensioned,S,tension,
causing,X,causing,
nut,I,nut,
cabinet,I,cabinet,
need,S,need,
working,U,working,
tripped,P,trip,
failing,P,fail,
used,U,used,
closing,U,closing,
jpm,I,person,Not sure the best way to do this for individual people
close,U,close,
vertical,I,vertical,
rotator,I,rotator,
ring,I,ring,
26,U,26,
rings,I,ring,
short,P,short,
box,I,box,
remove,S,remove,
bracket,I,bracket,
brake,I,brake,
hub,I,hub,
shelf,I,shelf,
catcher,I,catcher,
seized,P,seize,
block,U,block,
selector,I,selector,
fuses,I,fuse,
chute,I,chute,
required,S,require,
floor,I,floor,
leaks,P,leak,
13,U,13,
connector,I,connector,
guide,I,guide,
tony,I,person,"Once again, not sure what to do for people"
flange,I,flange,
gate,I,gate,
80,U,80,
bladder,I,bladder,
milling,I,mill,
basket,I,basket,
facing,U,facing,
mount,U,mount,
stroke,I,stroke,
welded,S,weld,
alex,I,person,"Once again, not sure what to do for people"
guards,I,guard,
left,U,left,
rack,I,rack,
returning,U,returning,
issued,,,
performance,U,performance,
russ,I,person,Not sure what to do for people
panel,I,panel,
shutting,,,
st2,I,st_2,
key,I,key,
closed,U,closed,
turn,U,turn,
replacement,I,replacement,
chamfer,I,chamfer,
invert,I,inverter,
water,I,water,
scraper,I,scraper,
mounting,U,mounting,
collector,I,collector,
35,U,35,
moved,U,move,
complete,S,complete,
grind,U,grind,
present,X,present,
completing,U,completing,
inventory,I,inventory,
screen,I,screen,
laser,I,laser,
cables,I,cable,
faulting,P,fault,
filters,I,filter,
channel,I,channel,
servo,I,servo,
slipping,P,slip,
requires,S,require,
slow,P,slow,
request,S,request,
started,,,
unable,P,unable,
tagged,S,tag,
hours,X,hours,
cutting,U,cutting,
sticking,P,stick,
overtime,U,overtime,
bowl,I,bowl,
push,U,push,
frl,U,frl,No clue what this is
roll,U,roll,
drained,U,drain,
ran,U,run,
30,U,30,
intake,I,intake,
firing,U,firing,
60,U,60,
recess,,,
spinning,,,
binding,,,
fluid,,,
wrong,,,
good,,,
robot,,,
alignment,,,
jamming,,,
indexer,I,index,not one hundred percent sure here
vibration,,,
run,U,running,
adjust,S,adjust,
lines,,,
work,,,
coming,,,
board,,,
signal,,,
arrived,,,
gage,,,
reporting,,,
tension,,,
properly,,,
coupling,,,
bent,,,
support,,,
collision,,,
spring,,,
gauge,,,
button,,,
10bar,,,
norm,,,
24,,,
moving,,,
drain,,,
freed,,,
jaws,,,
ends,,,
burned,,,
cycling,,,
output,,,
hand,,,
times,,,
place,,,
rotation,,,
collets,I,collet,
reg,,,
gasket,,,
float,,,
filtermist,,,
area,,,
jaw,,,
day,,,
40bar,,,
pm,,,
rate,,,
cracked,,,
wear,,,
pulled,,,
stopping,U,stop,
functioning,,,
length,,,
reversing,,,
valves,I,valve,
holding,,,
workzone,,,
15,,,
roller,,,
error,,,
repeat,,,
skimmer,,,
16,,,
confirmed,,,
does,,,
blade,,,
temp,,,
marcel,,,
service,,,
grinding,,,
carrier,,,
oper,I,operator,
increased,,,
fell,,,
mode,,,
using,,,
reading,,,
gio,,,
exit,,,
100,,,
cutoff,,,
stack,,,
2nd,,,
connections,I,connector,
21,,,
stay,,,
25,,,
aim,,,
tray,,,
connected,,,
bleeder,,,
bulb,,,
stops,U,stop,
add,S,add,
upper,,,
bus,,,
tight,,,
bushing,,,
actual,,,
chatter,,,
did,,,
ejector,,,
fittings,I,fitting,
retaining,,,
hs,,,
sequence,,,
colant,I,coolant,
chiller,,,
splash,,,
sync,,,
purchased,,,
dressing,,,
long,,,
horseshoe,,,
vacuum,,,
right,,,
pipe,,,
jose,,,
shuttle,,,
excess,U,excessive,
rewired,,,
reverse,,,
rotate,,,
chucking,,,
dresser,,,
jet,,,
extension,,,
glass,,,
extended,,,
production,,,
receiver,,,
sensors,I,sensor,
rolls,,,
wired,,,
units,I,unit,
program,,,
sub,,,
mist,,,
3rd,,,
anthony,,,
plugged,,,
arm,,,
loud,,,
shorted,,,
making,,,
skirt,,,
utility,,,
washer,,,
setting,,,
hog,,,
gears,I,gear,
cam,,,
loss,,,
drum,,,
28,,,
clip,,,
circuit,,,
assess,,,
offline,,,
reconnected,,,
lifting,,,
regulator,,,
condition,,,
nest,,,
unjammed,,,
hole,,,
correct,S,correct,
fully,,,
going,,,
assembly,,,
1700,,,
heat,,,
zero,,,
section,,,
retract,,,
range,,,
smog,,,
tip,,,
hanging,,,
guides,I,guide,
tech,,,
supply,,,
false,,,
denis,,,
mag,,,
belts,I,belt,
wash,,,
wires,,,
loaded,,,
1st,,,
weld,S,weld,
breaking,,,
sections,,,
50,,,
exposed,,,
realigned,S,align,
failed,P,failure,
pad,,,
drifting,,,
caused,,,
22,,,
monitoring,,,
torque,,,
link,,,
use,U,used,
correctly,,,
battery,,,
replacing,,,
heavy,,,
depth,,,
possible,,,
getting,,,
ot,,,
sent,,,
inside,,,
15bar,,,
hit,,,
rhe,,,
switches,,,
bolted,,,
27,,,
knoll,,,
sam,,,
dk,,,
cord,,,
responding,,,
turrets,I,turret,
reapired,S,repair,
manually,,,
random,,,
greased,,,
separator,,,
offset,,,
remounted,,,
linear,,,
pins,,,
engage,,,
opers,,,
ss,,,
z1,,,
tubes,I,tube,
truck,,,
impellor,,,
disabled,,,
lucifer,,,
magazine,,,
grm,,,
disconnect,,,
lt,,,
sprocket,,,
activated,,,
leg,,,
action,,,
care,,,
room,,,
smoking,,,
detached,,,
pan,,,
finish,,,
borrowed,,,
turning,,,
x3,,,
rail,,,
po,,,
approach,,,
repeatedly,,,
consumption,,,
latches,,,
drift,,,
faulty,P,fault,
maintenance,,,
reviewed,,,
balance,,,
repairs,S,repair,
stem,,,
modified,,,
detect,,,
entry,,,
reduced,,,
jumping,,,
post,,,
pivot,,,
proper,,,
retainer,,,
fabricated,,,
mfg,,,
traced,,,
jc,,,
serviced,,,
potentiometer,,,
19,,,
drop,P,drop,
spinner,,,
seconds,,,
difficult,,,
id,,,
electric,,,
36,,,
monitor,,,
metering,,,
automation,,,
monitored,,,
orifice,,,
modules,I,module,
having,,,
disassembled,,,
spool,,,
confirm,,,
tumbler,,,
jon,,,
pp,,,
overheating,,,
torn,,,
disconnected,,,
maint,,,
unload,,,
springs,,,
contact,,,
flat,,,
escapement,,,
wand,,,
emergency,,,
took,,,
h32,,,
blank,,,
doesn,,,
casting,,,
believed,,,
ra,,,
salley,,,
1000,,,
operators,I,operator,
tracking,U,track,
randomly,,,
ground,,,
swivel,,,
learn,,,
attached,,,
varying,,,
balancing,,,
elect,,,
opening,,,
reattached,,,
free,,,
require,S,require,
site,,,
lower,,,
minor,,,
voltage,,,
ml,,,
overheat,,,
went,,,
thread,I,thread,
review,,,
taken,,,
dogs,I,dog,
programming,,,
moves,U,move,
came,,,
reports,S,report,
platform,,,
center,,,
pulleys,I,pulley,
od,,,
synchronized,,,
assessed,,,
filled,,,
robo,,,
fork,,,
variation,,,
face,,,
gerry,,,
bag,,,
microphone,,,
noisy,P,noise,
lift,,,
hs4,,,
overtravel,,,
hold,,,
reducer,,,
h15,,,
soft,,,
manual,,,
siezed,P,seize,
sludge,,,
picking,,,
rotating,,,
cb,,,
sinat,,,
connect,,,
runs,,,
lid,,,
pcs,,,
stripper,,,
keys,I,key,
allow,,,
functional,,,
wheels,I,wheel,
input,,,
arbor,,,
manifold,,,
links,,,
lubrication,,,
magnet,,,
arrival,,,
pressed,,,
likely,,,
access,,,
referenced,,,
holders,I,holder,
exhaust,,,
internal,,,
paddle,,,
chuck,,,
adjustments,S,adjust,
horn,,,
release,,,
losing,,,
stored,,,
trunk,,,
clogged,,,
backed,,,
sat,,,
overhead,,,
handle,,,
2x,,,
life,,,
outlet,,,
17,,,
knob,,,
dylan,,,
failures,P,failure,
h11,,,
task,,,
ms32,,,
s4,,,
pwer,U,power,
backup,,,
starting,,,
paint,,,
order,S,order,
retrieved,,,
pcm,,,
hoses,I,hose,
changed,,,
remnant,,,
pcs100,,,
mach,I,machine,
crashed,,,
hitting,,,
operating,,,
presetter,,,
pedestal,,,
tools,I,tool,
sleeve,,,
gearbox,,,
extend,,,
quill,,,
provided,,,
wrapped,,,
called,,,
waiting,,,
straightened,,,
tooling,,,
guidance,,,
allen,,,
keeps,,,
shuts,,,
18,,,
drills,I,drill,
mechanism,,,
lhe,,,
overide,,,
paper,,,
rebooted,,,
apart,,,
24v,,,
removal,,,
trip,,,
debris,,,
23,,,
rejects,,,
29,,,
blades,,,
hs2,,,
week,,,
h38,,,
pumps,I,pump,
protection,,,
clearing,,,
engaging,,,
ducting,,,
prevent,,,
synchronize,,,
h40,,,
finishing,,,
releasing,,,
inlet,,,
reboot,,,
brackets,I,bracket,
draining,,,
slowing,P,slow,
cyclinder,I,cylinder,
red,,,
cpu,,,
spec,,,
drilled,,,
covers,I,cover,
staying,,,
doug,,,
fixture,,,
away,,,
receiving,,,
height,,,
kicked,,,
reversed,,,
fine,,,
oal,,,
clamps,I,clamp,
remount,,,
mid,,,
rinse,,,
bind,,,
fette,,,
appear,,,
union,,,
sa,,,
reservoir,,,
standard,,,
starts,,,
nuts,I,nut,
3x,,,
hs5,,,
drawbar,,,
rag,,,
single,,,
reached,,,
wrench,,,
placed,,,
lowered,,,
problem,,,
overfilled,,,
active,,,
components,,,
john,,,
mounted,,,
resolved,,,
threads,I,thread,
delay,,,
thermal,,,
poor,,,
slug,,,
blow,,,
crank,,,
spline,,,
hook,,,
unscrewed,,,
spun,,,
smell,,,
overflow,,,
dreher,,,
lyle,,,
hard,,,
mechanical,,,
blew,,,
hs3,,,
opened,,,
double,,,
location,,,
steel,,,
solonoid,I,solenoid,
polished,,,
td,,,
steps,,,
bob,,,
quick,,,
gallons,,,
unused,,,
costa,,,
terminal,,,
bled,,,
swarf,,,
bars,,,
faulted,P,fault,
draw,,,
contactors,I,contactor,
gib,,,
accordingly,,,
plunger,,,
bound,,,
assessment,,,
referrenced,,,
able,,,
ejection,,,
bench,,,
non,,,
zone,,,
feb,,,
port,,,
instructed,,,
gauges,,,
lubricated,,,
scan,,,
ir,,,
adjuster,S,adjust,
tornos,,,
extract,,,
gates,I,gate,
previously,,,
45bar,,,
far,,,
requesting,,,
canister,,,
workpiece,,,
pos,,,
polarity,,,
relaced,S,replace,
details,,,
sensing,,,
lights,I,light,
jumped,,,
related,,,
engagement,,,
broke,P,broken,
demag,,,
consuming,,,
hinge,,,
movement,,,
y1,,,
prod,,,
keyed,,,
rubber,,,
microswitch,,,
horizontal,,,
suspect,,,
settings,,,
pete,,,
tracks,U,track,
induplate,,,
entire,,,
coolanr,I,coolant,
harness,,,
fails,,,
h7,,,
smaller,,,
vfd,,,
reprogrammed,,,
shorting,P,short,
nnzx3,,,
released,,,
plates,I,plate,
crash,,,
frequency,,,
told,,,
onsite,,,
lathe,,,
anca,,,
align,S,align,
master,,,
window,,,
grate,,,
barnes,,,
1100,,,
7a,,,
earlier,,,
cart,,,
connectors,I,connector,
fallen,,,
converter,,,
gap,,,
spliced,,,
different,,,
trays,,,
catching,,,
cup,,,
function,,,
motors,I,motor,
bypassed,,,
prior,,,
ejecting,,,
break,,,
drives,U,drive,
pully,I,pulley,
impeller,,,
small,,,
chattering,,,
mains,,,
recognizing,,,
patrick,,,
paddles,,,
iso,,,
taper,,,
consumed,,,
coalescent,,,
showed,,,
wringer,,,
increase,,,
repeating,,,
rot,,,
come,,,
reference,,,
available,,,
blower,,,
s5,,,
workholding,,,
i2,,,
coils,I,coil,
sound,,,
counting,,,
incomplete,,,
completely,,,
dust,,,
resolve,,,
actuators,I,actuator,
caught,,,
infeed,,,
boot,,,
applied,,,
finished,,,
rectifier,,,
fixed,,,
slowed,P,slow,
drops,,,
relief,,,
delivered,,,
machined,,,
shear,,,
transfer,,,
fh3,,,
7b,,,
timing,,,
fast,,,
slides,I,slide,
old,,,
idler,,,
tearing,,,
parameters,,,
insert,,,
headstock,,,
pre,,,
large,,,
connecting,,,
spray,,,
met,,,
cells,,,
recognition,,,
dia,,,
second,,,
near,,,
days,,,
hernandez,,,
fiber,,,
optic,,,
0bar,,,
sc4,,,
current,,,
diaphram,,,
cts,,,
roof,,,
46,,,
roland,,,
cb17,,,
grinder,,,
tighten,S,tighten,
neveux,,,
spndle,I,spindle,not sure if sp = spindle for sure
locked,,,
guage,,,
spinlde,I,spindle,not sure if sp = spindle for sure
cycles,U,cycle,
ram,,,
siemens,,,
lever,,,
damage,P,broken,
hex,,,
overtemp,,,
sheared,,,
type,,,
minutes,,,
0600,,,
flipper,,,
5v,,,
cold,,,
req,,,
120v,,,
26bar,,,
whining,,,
modify,,,
cutch,I,clutch,
dropped,,,
incorrect,,,
report,S,report,
sinico,,,
lowering,,,
vdi,,,
enable,,,
jog,,,
addressed,,,
calibrated,,,
tyler,,,
60bar,,,
allowing,,,
glued,,,
latch,,,
blowing,,,
burrs,,,
clogging,,,
hardened,,,
external,,,
travelling,,,
psi,,,
drip,,,
controler,I,controller,
longer,,,
nc,,,
diagnosed,,,
90,,,
relocate,,,
weak,,,
skipping,,,
following,,,
funnel,,,
fines,,,
x4,,,
tablet,,,
inventoried,I,inventory,
attempted,,,
ab,,,
instead,,,
hyraulic,I,hydraulic,
timer,,,
spilling,,,
i19,,,
lighting,I,light,
smoke,,,
slipped,,,
threaded,,,
stations,I,station,
scaffold,,,
centering,,,
rails,,,
elbow,,,
upright,,,
h8900,,,
tested,,,
destroyed,,,
preventing,,,
unknown,,,
lh,,,
ls,,,
cylindar,I,cylinder,
piece,,,
way,,,
devices,,,
verical,I,vertical,
scale,,,
slamming,,,
indexers,I,index,not one hundred percent sure here
exceeded,,,
screaming,,,
inserted,,,
recessing,,,
soon,,,
trw,,,
collisions,,,
sec,,,
burn,,,
c7,,,
step,,,
bushings,,,
know,,,
bundle,,,
rubbing,,,
01,,,
powered,,,
rollers,,,
got,,,
pistons,I,piston,
transition,,,
2b,,,
ceiling,,,
kit,,,
refilled,,,
severed,,,
device,,,
trepan,,,
nn,,,
diagnosis,,,
adapter,,,
sliding,,,
just,,,
elaso,,,
remained,,,
k11,,,
k10,,,
cushion,,,
changer,,,
felt,,,
changes,,,
looked,,,
slowly,P,slow,
rotary,,,
lamp,,,
t98,,,
manipulator,,,
disengage,,,
camera,,,
micron,,,
assy,,,
scratching,,,
bouncing,,,
malfunction,,,
pumper,I,pump,
5a,,,
repiar,S,repair,
spraying,,,
normal,,,
ewag,,,
indexed,I,index,not one hundred percent sure here
weekend,,,
separated,,,
registering,,,
brian,,,
intermittently,,,
starters,I,starter,
drawing,,,
fans,I,fan,
grease,,,
glide,,,
003,,,
middle,,,
conduit,,,
tied,,,
amp,,,
process,,,
tuned,,,
magnetic,,,
k3m,,,
original,,,
read,,,
subpanel,,,
contaminated,,,
seated,,,
collant,I,coolant,
locate,,,
exchanger,,,
reassembled,,,
h16,,,
referencing,,,
rejecting,,,
collar,,,
setter,,,
flush,,,
differential,,,
zs3,,,
acceptable,,,
fed,,,
3cr,,,
believes,,,
hydro,,,
eng,,,
ballast,,,
banjo,,,
alarming,P,alarm,
massive,,,
cleanout,,,
numatics,,,
ge,,,
parameter,,,
45,,,
steam,,,
40,,,
doc,,,
27bar,,,
seeing,,,
ap,,,
hydromat,,,
auxiliary,,,
bronze,,,
remaining,,,
dye,,,
30a,,,
tschudin,,,
reason,,,
seat,,,
popped,,,
band,,,
occurs,,,
overtightened,,,
c32,,,
toggles,,,
500,,,
cause,,,
jorge,,,
touch,,,
dragged,,,
central,,,
hydrostatic,,,
relocated,,,
temporary,,,
h2,,,
l1,,,
build,,,
heavily,,,
vert,I,vertical,
bulbs,,,
adusted,S,adjust,
10mm,,,
mitsubishi,,,
reel,,,
accepted,,,
transor,,,
x1,,,
later,,,
jg,,,
acc,I,accumulator,
dirty,,,
grabbing,,,
repaced,S,replace,
delivery,,,
scheduled,,,
strips,,,
802t,,,
overloads,P,overload,
rapid,,,
smartscope,,,
i5,,,
fpi,,,
secure,,,
updated,,,
alternating,,,
jw,,,
assist,,,
worked,,,
vent,,,
respond,,,
mc,,,
filtering,,,
sackda,,,
sealer,,,
rt,,,
vib,,,
vrf,,,
disti,,,
scraping,,,
additional,,,
reaching,,,
soldered,,,
code,,,
shifts,U,shift,
h4,,,
micro,,,
chhips,I,chip,
brass,,,
phasing,,,
refridgerant,,,
er,,,
liner,,,
maindrive,,,
hour,,,
hammering,,,
chord,,,
dampeners,,,
recently,,,
relays,I,relay,
heating,,,
identified,,,
dave,,,
eta,,,
bottomed,,,
training,,,
pneumatic,,,
bleed,,,
cb20,,,
accommodate,,,
shafts,I,shaft,
applicable,,,
euchner,,,
improperly,,,
chamber,,,
stepped,,,
loos,P,loose,
linkage,,,
sticky,,,
seating,,,
cleard,S,clear,
300501,,,
fasteners,,,
48,,,
pum,,,
bore,,,
cranked,,,
difficulty,,,
lb,,,
bags,,,
data,,,
rpm,,,
lost,,,
percio,,,
vibrating,,,
hesitation,,,
bladders,I,bladder,
reducing,,,
petcock,,,
tower,,,
effort,,,
date,,,
camshaft,,,
1083,,,
defect,,,
mounts,,,
rewelded,S,weld,
misfiring,,,
pocket,,,
inner,,,
fix,,,
splashing,,,
unplugged,,,
indexes,I,index,not one hundred percent sure here
h25,,,
screwed,,,
backwards,,,
tricked,,,
forting,,,
rs,,,
holes,,,
stopped,U,stop,
orlando,,,
burning,,,
duct,,,
touching,,,
allowed,,,
today,,,
braking,,,
6sn1118,,,
railing,,,
jacobs,,,
possibly,,,
status,,,
lobo,,,
unusable,,,
toggle,,,
sc11,,,
300,,,
6v,,,
piping,,,
contacor,I,contactor,
package,,,
t91,,,
sides,,,
baldor,,,
electronic,,,
0615,,,
display,,,
shipped,,,
oor,,,
severely,,,
carts,,,
leakage,P,leak,
opposed,,,
contacts,,,
595,,,
pyers,,,
0815,,,
h22,,,
h8,,,
deformed,,,
32,,,
unallowed,,,
bobbin,,,
jett,,,
early,,,
i4,,,
locating,,,
drilling,,,
carraige,,,
deep,,,
sc7,,,
cooler,,,
subspindle,,,
dimension,,,
buildup,,,
stepping,,,
measuring,,,
clasps,,,
worm,,,
pc,,,
burnishing,,,
chilling,,,
finger,,,
overlapping,,,
wall,,,
rags,,,
flores,,,
satellite,,,
keyway,,,
marks,,,
suspected,,,
compared,,,
gd,,,
prab,,,
received,,,
emptied,,,
variable,,,
dislodged,,,
squeeling,,,
vsd,,,
lined,,,
op25,,,
liners,,,
ft,,,
sumo,,,
half,,,
em,,,
012,,,
slot,,,
dept,,,
reduction,,,
28bar,,,
programmed,,,
cb5,,,
t3,,,
homed,,,
assisted,,,
melted,,,
afetr,,,
h37,,,
h29,,,
locknuts,,,
installation,,,
synchron,,,
continued,,,
lion,,,
lcd,,,
switched,,,
searching,,,
accumulatr,I,accumulator,
clips,,,
frozen,,,
763051,,,
mis,,,
modification,,,
outside,,,
dead,,,
spots,,,
age,,,
tapped,,,
realign,,,
posted,,,
eject,,,
retightened,S,tighten,
pyer,,,
chearged,S,charge,
gone,,,
rotated,,,
seen,,,
contamination,,,
rocker,,,
shoe,,,
decreased,,,
brought,,,
reduce,,,
warning,,,
contacting,,,
sealing,,,
iinop,P,inoperable,
attaching,,,
liftgate,,,
fluctuating,,,
sprokets,,,
transformer,,,
night,,,
material,,,
brushiing,I,brush,
pallet,,,
wider,,,
x6,,,
maybe,,,
stays,,,
44,,,
carousel,,,
tuesday,,,
unjam,,,
immediately,,,
similar,,,
removing,,,
technician,,,
limits,U,limit,
stradle,,,
tape,,,
backlash,,,
pecking,,,
22bar,,,
shield,,,
chutes,I,chute,
calibration,,,
interruption,,,
reaming,,,
logic,,,
turrte,I,turret,
firring,U,firing,
dumped,,,
finding,,,
venting,,,
shimmed,,,
losses,,,
10a,,,
4th,,,
scrapers,I,scraper,
hardware,,,
spacers,,,
010,,,
referrence,,,
unlock,,,
plugs,,,
prepared,,,
scroll,,,
nose,,,
dtcs,,,
spot,,,
feedback,,,
look,,,
containment,,,
bradley,,,
fired,,,
retaing,,,
teeth,,,
flap,,,
s12,,,
toronto,,,
overlaod,P,overload,
systems,,,
j1019,,,
errors,,,
insulation,,,
winding,,,
par,,,
juan,,,
state,,,
ocean,,,
preemptively,,,
balancer,,,
triggering,,,
sensory,,,
elevator,,,
black,,,
orientator,,,
separate,,,
leaving,,,
potetiometer,,,
vise,,,
fresh,,,
rvc,,,
as14,,,
esco,,,
team,,,
sink,,,
festo,,,
fh03,,,
rehomed,,,
411,,,
operational,,,
fond,,,
past,,,
regulation,,,
thank,I,tank,
num,,,
i18,,,
fiting,I,fitting,
larger,,,
breakage,,,
tubing,,,
adjusment,S,adjust,
producing,,,
rest,,,
15a,,,
3000,,,
cs1001,,,
repared,S,repair,
collison,,,
sloppy,,,
fires,,,
shock,,,
absorber,,,
obvious,,,
3x655g,,,
vbowl,,,
1230,,,
plugin,,,
aligning,,,
increasing,,,
1420,,,
fanuc,,,
hs1,,,
compensator,,,
bored,,,
volt,,,
tuuet,,,
sotck,I,stock,
moter,I,motor,
protective,,,
lubricating,,,
mts,,,
1400,,,
h28,,,
daily,,,
saturday,,,
ordering,,,
j1018,,,
cb6,,,
forth,,,
pinion,,,
nozzles,,,
overfilling,,,
axial,,,
self,,,
struck,,,
ks6022,,,
mike,,,
dirt,,,
brakes,I,brake,
grabber,,,
6b,,,
legacy,,,
form,,,
fail,P,fail,
officially,,,
006,,,
marci,,,
installing,,,
dry,,,
intermittent,,,
blocked,,,
04,,,
chords,,,
badly,P,broken,
ko,,,
hydaulic,I,hydraulic,
z3,,,
completd,S,complete,
downtime,,,
rise,,,
tomorrow,,,
vogrel,I,vogel,
h39,,,
empties,,,
sequenced,,,
0019,,,
sporadically,,,
cconveyor,I,conveyor,
runable,,,
actuated,,,
diabled,,,
2cr,,,
cluch,I,clutch,
nitrogen,,,
shrted,,,
rupyured,P,rupture,
sensata,,,
leaki,P,leak,
hs6,,,
epic,,,
macjine,,,
claw,,,
5h,,,
acumulators,I,accumulator,
dwell,,,
charging,,,
lahouse,,,
h35,,,
25amp,,,
cap,,,
extracted,,,
6a,,,
lip,,,
believing,,,
orings,,,
match,,,
spares,U,spare,I'm not sure where to put this or if it is important
lookked,,,
remains,,,
18bar,,,
lincoln,,,
bay,,,
eoc,,,
dwelling,,,
tites,,,
incdexing,I,index,not one hundred percent sure here
h18,,,
ripped,,,
004,,,
receptacle,,,
duskolector,,,
latched,,,
spewing,,,
problems,,,
transmission,,,
turet,I,turret,
baumer,,,
centered,,,
cheack,S,check,
programing,,,
cutter,,,
ali,,,
email,,,
s120,,,
3500,,,
cancelled,,,
2024,,,
z2,,,
scew,I,screw,
tsch,,,
converyor,I,conveyor,
keeping,,,
extreme,,,
detected,,,
trough,,,
carello,,,
solved,,,
toight,,,
compromised,,,
dc,,,
tap,,,
ffor,,,
direction,,,
jumpin,,,
yo,,,
poorly,,,
adjudted,S,adjust,
card,,,
protector,,,
building,,,
monday,,,
positioning,,,
accs,,,
partialy,,,
infanite,,,
saftey,I,safety,
elctrical,I,electrical,
fedding,U,feeding,
gary,,,
standstill,,,
indicate,,,
odd,,,
600,,,
adjustable,,,
offlinf,,,
frayed,,,
plub,,,
tk3,,,
sytem,,,
tester,,,
dryer,,,
obtained,,,
seriously,,,
6x,,,
inreverse,,,
wed,,,
dampner,,,
heaters,,,
reels,,,
alert,,,
vales,I,valve,
hardinge,,,
sluggish,,,
lones,,,
eyes,,,
hsk32,,,
keyence,,,
cb9,,,
dowel,,,
1a,,,
split,,,
autoliv,,,
reviewing,,,
stirring,,,
packed,,,
presetters,,,
leakiing,P,leak,
0610,,,
soindle,I,spindle,not sure if sp = spindle for sure
es1,,,
es5,,,
slip,P,slip,
prove,,,
refill,,,
jumps,,,
h21,,,
rohm,,,
sifting,,,
media,,,
qa,,,
barfeed,,,
gusher,,,
unstable,,,
ethernet,,,
min,,,
dried,,,
laptop,,,
ks3021,,,
reamer,,,
note,,,
048,,,
catch,,,
pollen,,,
powerwash,,,
fixtures,,,
machinery,,,
interrupted,,,
phase,,,
sealed,,,
message,,,
tires,,,
25a,,,
repeats,,,
3470,,,
shim,,,
reapir,S,repair,
reload,,,
say,,,
electrically,I,electrical,
epoxy,,,
homing,,,
recut,,,
d22978,,,
ferrule,,,
wd,,,
bat23p,,,
connects,,,
gaskets,,,
weight,,,
freely,,,
spools,,,
eletrical,I,electrical,
boards,,,
wound,,,
smashed,,,
reapaired,S,repair,
extremely,,,
483,,,
bounces,,,
lubrification,,,
little,,,
h14,,,
nests,,,
lihghting,,,
triggered,,,
knife,,,
submitted,,,
arriving,,,
shave,,,
pushed,,,
saws,I,saw,
fb,,,
remote,,,
installes,S,install,
painted,,,
brown,,,
view,,,
notes,,,
satellites,,,
causes,,,
balanced,,,
angel,,,
retracted,,,
qc,,,
beaings,I,bearing,
crushed,,,
5x,,,
snader,,,
occurring,,,
20a,,,
foaming,,,
tk,,,
ket,,,
diff,,,
braoken,P,broken,
repalced,S,replace,
altered,,,
h31,,,
significant,,,
tapered,,,
2pm,,,
millhead,,,
fq,,,
0050,,,
dos,,,
hesitates,,,
acumulator,I,accumulator,
sc9,,,
stirpped,P,strip,
arcing,,,
zx,,,
potential,,,
guardr,I,guard,
plexiglass,,,
promed,,,
punp,I,pump,
optical,,,
placing,,,
retapped,,,
sproket,,,
unjameed,,,
brushes,I,brush,
lubricator,,,
maor,U,major,I am not sure how to classify this
gun,,,
activator,,,
earplug,,,
1445,,,
m14,,,
hoist,,,
safe,,,
lifter,,,
accuulator,I,accumulator,
spiking,,,
yesterday,,,
ipen,,,
cp,,,
3s,,,
ransport,U,transport,
i20,,,
trucks,,,
shims,,,
activating,,,
pvc,,,
h19,,,
warmed,,,
bow,,,
tile,,,
hood,,,
cont,,,
securely,,,
gripping,,,
cousineau,,,
shutter,,,
interlok,I,interlock,
sight,,,
unreadable,,,
maunal,,,
outage,,,
inf,,,
23a,,,
axix,I,axis,
jared,,,
c40,,,
occuring,,,
38bar,,,
06,,,
coling,U,cooling,
tite,,,
raise,,,
h24,,,
chatged,,,
sparked,,,
assit,,,
vfr,,,
suction,,,
waylube,,,
m20,,,
snsor,I,sensor,
tk4,,,
ff,,,
s40,,,
attavhed,,,
tablle,I,table,
x14,,,
765053,,,
radiator,,,
b2,,,
proximty,I,prox,
operate,I,operator,
sythour,,,
tix,,,
providing,,,
shortened,,,
dowels,,,
risers,,,
dgp,,,
closure,,,
located,,,
hoolder,I,holder,
fcb,,,
ibag,,,
hihg,U,high,
casing,,,
w37,,,
barchange,,,
blast,,,
wedged,,,
d26035,,,
resolution,,,
k313,,,
danfoss,,,
samjett,,,
andreozzi,,,
shearpin,,,
unloader,,,
fluttering,,,
mlw,,,
maximum,,,
nipple,,,
ayers,,,
afraid,,,
source,,,
joprge,,,
buster,,,
securing,,,
diamond,,,
forktruck,,,
deltoid,,,
tennant,,,
rotational,,,
chaged,,,
quck,,,
wearing,,,
yamazen,,,
loadwer,,,
feel,,,
bridgeport,,,
sack,,,
uppon,,,
lingt,I,light,
cd,,,
chunky,,,
smc,,,
0602,,,
3z,,,
donaldson,,,
increment,,,
polishing,,,
repreatedly,,,
lining,,,
evaluate,,,
34bar,,,
ant,,,
xc,,,
qd,,,
flipped,,,
electricity,,,
restored,,,
saves,,,
tio,,,
covering,,,
drawn,,,
reprting,,,
monthly,,,
swisset,,,
crack,,,
backing,,,
inver,I,inverter,
brazed,,,
adjusments,S,adjust,
300504,,,
acctuator,I,actuator,
donner,,,
k0c,,,
deoth,,,
activared,,,
6mm,,,
orienting,,,
chhip,I,chip,
bise,,,
misaligned,,,
shipping,,,
shelter,,,
34,,,
ncu1,,,
gr,,,
arc1004,,,
cs1008,,,
ajustment,S,adjust,
pull,,,
repeated,,,
002,,,
reyes,,,
worry,,,
erratically,,,
performed,,,
throttle,,,
openning,,,
resulting,,,
dock,,,
leveler,,,
loosened,,,
h33,,,
waste,,,
bencg,,,
cabinets,I,cabinet,
sparking,,,
entered,,,
i0035,,,
edns,,,
k0,,,
q0,,,
universal,,,
confuded,,,
numerous,,,
pressures,I,pressure,
cuycle,U,cycle,
alam,P,alarm,
s21,,,
warm,,,
plastic,,,
coax,,,
slat,,,
slatband,,,
silcock,,,
silcocks,,,
dual,,,
swapping,S,swap,
geery,,,
carbide,,,
suggesting,,,
excessively,U,excessive,
distributor,,,
22a,,,
cb7,,,
resess,,,
ks6021,,,
amped,,,
list,,,
teflon,,,
transporter,,,
fabricate,,,
vibratory,,,
armature,,,
topped,,,
pockets,,,
pieced,,,
concentricity,,,
60a,,,
ned,,,
stuttering,,,
register,,,
traversing,,,
1681,,,
kendrion,,,
stand,,,
axiz,I,axis,
invertter,I,inverter,
continuity,,,
q3,,,
separating,,,
bk,,,
interloc,I,interlock,
r309,,,
realignment,,,
amperage,,,
levers,,,
idle,,,
sits,,,
fall,,,
35bar,,,
gould,,,
select,,,
436,,,
damgaed,P,broken,
762056,,,
restricting,,,
completeing,U,completing,
rotaion,,,
autoturn,,,
supplier,,,
0945,,,
fr6,,,
batteries,,,
rounded,,,
ups,,,
readable,,,
q4,,,
spider,,,
transformers,,,
sealers,U,seal,
reseal,,,
resealed,,,
misifiring,,,
5mm,,,
rosemont,,,
diagnose,,,
020,,,
050,,,
chutte,I,chute,
processor,,,
701,,,
rusting,,,
whisker,,,
raised,,,
packing,,,
honed,,,
balls,I,ball,
8mm,,,
llined,,,
nachine,I,machine,
permit,,,
h23,,,
strip,P,strip,
junction,,,
letting,,,
husing,I,housing,
htd,,,
5m40,,,
elbows,,,
fernco,,,
abd,,,
ferrules,,,
assited,,,
blockage,,,
alram,P,alarm,
sucking,,,
hang,,,
corner,,,
holer,I,holder,
cyclinders,I,cylinder,
comes,,,
plumbing,,,
c60,,,
theory,,,
elements,,,
racks,,,
180,,,
crew,,,
decking,,,
1406,,,
ilegible,,,
sitting,,,
acitvated,,,
baske,I,basket,
vision,,,
t7551,,,
t7552,,,
ac,,,
chagred,,,
coveyor,I,conveyor,
ovefilled,,,
colin,,,
sort,,,
lab,,,
ou,,,
75psi,,,
condenser,,,
0850,,,
traveller,,,
significantly,,,
electronics,,,
hear,,,
kr30c,,,
2rs,,,
paulo,,,
directional,,,
schreader,,,
cb1,,,
advances,,,
endmill,,,
backside,,,
escaping,,,
adapted,,,
vargas,,,
luis,,,
reach,,,
page,,,
fro,,,
al2017,,,
stalls,,,
selecting,,,
bringing,,,
picker,,,
crashing,,,
radial,,,
loads,,,
clicking,,,
ocurring,,,
s2,,,
repaird,S,repair,
m0,,,
12v,,,
reay,,,
resetting,S,reset,
ao,,,
capped,,,
prevention,,,
expansion,,,
warrantied,,,
15gd,,,
omron,,,
5bar,,,
h10,,,
variaiton,,,
plc1,I,plc,
fortin,,,
hun,,,
actuates,,,
connectionat,I,connection,
observe,,,
swing,,,
recycled,,,
built,,,
220v,,,
gs6,,,
ans,,,
make,,,
directed,,,
previous,,,
cmpleted,S,complete,
0072,,,
damged,P,broken,
bascket,I,basket,
boston,,,
steamer,,,
pn,,,
jenfab,,,
filed,,,
accumlator,I,accumulator,
0007,,,
releard,,,
search,,,
tabs,,,
requirement,,,
reailigned,S,align,
jm,,,
period,,,
reinforce,,,
detecting,,,
14v,,,
sinc,,,
swith,U,switch,
renewal,,,
matching,,,
doubling,,,
count,I,counter,
50x,,,
inconsistent,,,
damaging,,,
cs,,,
interruptions,,,
25000,,,
z12,,,
peened,,,
imstalled,S,install,
charges,S,charge,
heads,I,head,
jogged,,,
fedder,I,feeder,
47ft,,,
torqued,,,
cure,,,
unfortunetely,,,
hoizontal,,,
300507,,,
controlled,,,
dip,,,
humming,,,
wide,,,
continous,,,
retracting,,,
706,,,
pendanr,I,pendant,
twisted,,,
602,,,
barloader,,,
jumper,,,
happens,,,
obstructing,,,
shifting,U,shift,
rws,,,
schutte,,,
ernie,,,
kraus,,,
july,,,
disassemble,,,
unt,I,unit,
jiggle,,,
rivets,,,
big,,,
aslo,,,
burst,,,
connectin,I,connection,
bubble,,,
m17,,,
h27,,,
flanges,I,flange,
nno,,,
straightener,,,
sppindle,I,spindle,not sure if sp = spindle for sure
bio,,,
scared,,,
readings,,,
platforms,,,
toot,I,tool,
falsley,,,
trips,,,
lubricate,,,
patch,,,
767206,,,
choke,,,
continuos,,,
103,,,
morra,,,
inpo,P,inoperable,
easier,,,
reloctaed,,,
collided,,,
oring,,,
deco,,,
diameter,,,
cavitating,,,
vac,,,
110,,,
posts,,,
loosa,P,loose,
snapped,,,
internally,,,
d90,,,
1700rpm,,,
3450,,,
retensioned,S,tension,
forced,,,
infinite,,,
technologies,,,
oversize,,,
marine,,,
colet,I,collet,
valving,,,
opposing,,,
confriming,,,
fit,,,
blocks,U,block,
76,,,
rule,,,
360gph,,,
bilge,,,
gra,,,
edit,,,
friday,,,
thopught,,,
blue,,,
fabricating,,,
supplied,,,
leads,I,lead,
kick,,,
chihp,I,chip,
repositioned,,,
dow,,,
impellers,,,
housings,I,housing,
bridge,,,
item,,,
knows,,,
newe,U,new,
ties,,,
locker,,,
recepticles,,,
100psi,,,
40psi,,,
ll,,,
rebulit,S,rebuild,
detections,U,detection,
mocro,,,
issiue,,,
adj,,,
yellow,,,
vary,,,
atachment,I,attachment,
reapirs,,,
pending,,,
a75,,,
60cycle,,,
trasport,U,transport,
ord142,,,
rebuilding,S,rebuild,
storage,,,
gets,,,
want,,,
280,,,
573,,,
h1,,,
led,,,
aluminum,,,
positional,,,
rexroth,,,
jan,,,
h5,,,
waer,I,water,
barrel,,,
queue,,,
assigned,,,
2x3,,,
germano,,,
uni,I,unit,
0a,,,
rating,,,
mechanicals,,,
checking,S,check,
botom,,,
operatot,I,operator,
hg,,,
draws,,,
taps,,,
900,,,
1200,,,
velocity,,,
gain,,,
i3,,,
220,,,
brusjing,,,
300607,,,
a12,,,
misalignment,,,
roughly,,,
reconfigured,,,
sanded,,,
reverting,,,
menu,,,
legth,,,
tensioner,,,
undersized,,,
separators,,,
spins,,,
gave,,,
aha,,,
moment,,,
meeting,,,
sensore,I,sensor,
disable,,,
3a,,,
coiltwice,I,coil,
inline,,,
5th,,,
pinched,,,
dull,,,
collars,,,
beaing,I,bearing,
slippery,,,
traction,,,
tread,,,
consitantly,,,
runk,,,
chevalier,,,
leveled,,,
various,,,
channels,I,channel,
locations,,,
478,,,
125,,,
reteach,,,
energy,,,
reinstall,S,install,
affecting,,,
t105,,,
shuting,,,
strainer,,,
fitings,I,fitting,
remnants,,,
oyt,,,
centrifuge,,,
routine,,,
startion,I,station,
activation,,,
touchint,,,
record,,,
finds,,,
amd,,,
critical,,,
eccentric,,,
redoped,,,
prime,,,
till,,,
presure,I,pressure,
80bar,,,
compression,,,
needing,S,need,
flooding,,,
hush,,,
joe,,,
spacer,,,
refference,,,
1x,,,
flushing,,,
threader,,,
jpg,,,
smashing,,,
kept,,,
smooth,,,
rework,,,
gli,,,
knee,,,
cove,,,
overheated,,,
frequncy,,,
emerson,,,
shorter,,,
rach,,,
print,,,
version,,,
sta,,,
attahed,,,
rm221,,,
rm225,,,
brand,,,
andded,S,add,
riser,,,
morning,,,
delays,,,
backwords,,,
trace,,,
pickups,,,
lyo,,,
calls,,,
successfully,,,
nstr,,,
cb22,,,
vacuumed,,,
alleviate,,,
zzn3x,,,
pison,I,piston,
driven,,,
address,,,
crushing,,,
tell,,,
airgun,,,
don,,,
dovetail,,,
lobster,,,
stud,,,
shortenned,,,
compensate,,,
sending,,,
0530,,,
faulse,,,
oplev,,,
insulator,,,
actually,,,
tips,,,
points,,,
powerpack,,,
year,,,
f21,,,
stalling,,,
locks,,,
spin,,,
adjusing,S,adjust,
shrader,,,
borken,P,broken,
osm,,,
compressor,,,
characters,,,
op,,,
10v,,,
founf,,,
checks,S,check,
camswitch,,,
alignments,,,
spark,,,
8a,,,
overcome,,,
body,,,
worcester,,,
iniop,P,inoperable,
connectivity,,,
inflated,,,
squeal,,,
h34,,,
outlets,,,
circuits,,,
t97,,,
capacitor,,,
recitfier,,,
submits,,,
31,,,
6th,,,
retorqued,,,
inspected,,,
dimensions,,,
antiquated,,,
putting,,,
tri,,,
receptical,,,
excersized,,,
interior,,,
hbe18,,,
arced,,,
traveling,,,
thihs,,,
stable,,,
meauring,,,
cver,,,
exposing,,,
press,,,
reform,,,
shape,,,
accumuator,I,accumulator,
ross,,,
445,,,
jiggled,,,
3amps,,,
4amps,,,
6amps,,,
sticcking,P,stick,
gearing,I,gear,
disintegrated,,,
appears,,,
lite,,,
feeds,,,
ferule,,,
nucut,,,
ream,,,
tolerance,,,
18p3703,,,
18p1703,,,
1515,,,
d26018,,,
anvil,,,
potentiometernot,,,
handed,,,
mcm,,,
antistatic,,,
looks,,,
polycarbonite,,,
punched,,,
seperator,,,
duh,,,
n60,,,
li,,,
z31,,,
tabledown,,,
seeking,,,
issie,,,
400psi,,,
300psi,,,
200,,,
rumble,,,
relieve,,,
int,,,
exchanged,,,
according,,,
spalsh,,,
deflected,,,
informed,,,
exiting,,,
oredered,S,order,
vetical,I,vertical,
guiding,,,
round,,,
bush,,,
amps,,,
legs,,,
54218,,,
closes,,,
specers,,,
caause,,,
ringing,,,
web,,,
pulling,,,
counduit,,,
notify,,,
1000psi,,,
maxed,,,
lubing,,,
texting,,,
phone,,,
oscar,,,
oerator,I,operator,
jack,,,
interferred,,,
fatal,,,
unlocking,,,
doors,I,door,
lateral,,,
limited,,,
founs,,,
responded,,,
wshorted,,,
banging,,,
boltes,I,bolt,
f111,,,
recollection,,,
sucked,,,
strainers,,,
shifted,U,shift,
eliminate,,,
crosses,I,cross,
dangling,,,
vibrated,,,
tightening,,,
tranport,U,transport,
mandrel,,,
tesioned,S,tension,
h41,,,
cabimet,I,cabinet,
h42,,,
refurbishing,,,
royal,,,
ubit,I,unit,
energize,,,
passes,,,
k412,,,
timeout,,,
correction,,,
7937,,,
x31,,,
1025,,,
calling,,,
robobar,,,
advice,,,
originally,,,
751,,,
involved,,,
1330,,,
sheave,,,
1015,,,
hernadez,,,
sensative,,,
haldeman,,,
silicone,,,
glue,,,
variance,,,
phon,,,
centerline,,,
vertcal,I,vertical,
warranting,,,
scored,,,
topping,,,
cheaged,,,
trigger,,,
fried,,,
roto,,,
ahain,I,chain,
counters,I,counter,
es6,,,
0645,,,
couldn,,,
house,,,
job,,,
nice,,,
kyd,,,
aware,,,
arrives,,,
auxilliary,,,
enabled,,,
fabrication,,,
sliders,I,slide,
watched,,,
wrap,,,
ain,,,
connot,,,
1500,,,
operated,,,
question,,,
displaying,,,
ve,,,
nakry,,,
horseshoes,,,
040,,,
orifices,,,
wait,,,
incurred,,,
misconnection,,,
oidt,,,
nnxz3,,,
pulsing,,,
gc,,,
arms,,,
actuating,,,
leased,,,
crellen,,,
simple,,,
ensure,,,
basckets,I,basket,
dragging,,,
carrying,,,
diaphragm,,,
unidrive,,,
refurb,,,
alrm,P,alarm,
informative,,,
followed,,,
reatiner,,,
045,,,
generic,,,
beta,,,
000,,,
tuning,,,
speeds,I,speed,
slugs,,,
ignition,,,
crown,,,
contacted,,,
compensated,,,
wave,,,
create,,,
t10,,,
distribution,,,
compatable,,,
dod,,,
exising,,,
serviceable,,,
chai,I,chain,
derailed,,,
ray,,,
engineering,,,
metivier,,,
ref,,,
baycut,,,
150x,,,
m6,,,
sectioned,,,
straddle,,,
270,,,
sounding,,,
fused,,,
undercut,,,
outer,,,
pass,,,
clearance,,,
conceyor,I,conveyor,
levelers,,,
ailignment,,,
carraiges,,,
magnets,,,
suitable,,,
works,,,
advance,,,
turnings,,,
cracks,,,
recognize,,,
scu,,,
ago,,,
width,,,
shafte,I,shaft,
rears,I,rear,
shutdown,,,
cool,U,cooling,
secrions,,,
better,,,
snag,,,
recepticale,,,
cb110,,,
priority,,,
cb111,,,
recepticle,,,
brk,,,
k207,,,
true,,,
55,,,
latching,,,
redings,,,
loosening,P,loose,
heard,,,
enterprise,,,
breakdown,,,
cpmpleted,S,complete,
375,,,
object,,,
00,,,
mezzanine,,,
walked,,,
upstairs,,,
spilled,,,
operable,,,
geometry,,,
grid,,,
st8,,,
sporidically,,,
chamferring,I,chamfer,
point,,,
meter,,,
loop,,,
q2,,,
parker,,,
loctite,,,
delayed,,,
ended,,,
contoller,I,controller,
mt,,,
involving,,,
contoler,,,
contorller,I,controller,
ops,,,
breakers,I,breaker,
reprogramming,,,
limiter,,,
poaition,I,position,
a5,,,
adding,,,
proved,,,
incline,,,
disc,I,disc,
begins,,,
constantly,,,
xh,,,
lager,,,
corectly,,,
reactor,,,
boring,,,
scales,,,
gunked,,,
series,,,
cncs,I,cnc,
hydr,I,hydraulic,
rough,,,
shuddering,,,
sets,,,
100s08,,,
number,,,
adjusters,S,adjust,
looking,,,
square,,,
traveler,,,
5c,,,
tk2,,,
rice,,,
super,,,
tec,,,
traverse,,,
communication,,,
controlable,,,
inquired,,,
haruna,,,
relocation,,,
yes,,,
obstructin,,,
scrape,,,
designed,,,
mm,,,
occurred,,,
ne,,,
admits,,,
20x,,,
bruch,I,brush,
spent,,,
correcting,,,
hace,,,
inverting,,,
schedule,,,
temporarily,,,
supports,,,
hammered,,,
ele,,,
thoroughly,,,
burring,,,
partially,,,
equivalent,,,
plunge,,,
shaped,,,
205s6,,,
reheaded,,,
confirmwed,,,
finally,,,
0037,,,
gang,,,
difference,,,
makes,,,
group,,,
groups,,,
bypass,,,
handelman,,,
sit,,,
returns,S,return,
exercised,,,
quite,,,
didn,,,
couple,,,
collel,,,
initial,,,
deemed,,,
effect,,,
kevin,,,
rewound,,,
nicholas,,,
mud,,,
disrupted,,,
763052,,,
alen,,,
008,,,
ajusted,S,adjust,
saracevik,,,
186991,,,
adam,,,
yuschak,,,
guided,I,guide,
procedure,,,
tc,,,
manit,,,
dt,,,
permits,,,
snake,,,
noted,,,
reclaim,,,
breather,,,
warming,,,
3rdshift,,,
resonating,,,
pitched,,,
leng,,,
liquid,,,
mob,,,
arranged,,,
welding,,,
imapct,,,
arose,,,
incident,,,
measured,,,
0015,,,
months,,,
travellers,,,
alleviated,,,
leading,,,
sh,,,
sh13,,,
secured,,,
hirth,,,
reportedly,,,
squarely,,,
reassembly,,,
useable,,,
norman,,,
twice,,,
emails,,,
upload,,,
vibraytion,,,
groove,,,
raises,,,
striking,,,
consitant,,,
saddle,,,
retraction,,,
ill,,,
advised,,,
identical,,,
allowd,,,
memory,,,
bldg,,,
firmly,,,
attempt,,,
determined,,,
1030,,,
accept,,,
schutz,,,
machines,I,machine,
variations,,,
results,,,
controls,U,control,
battling,,,
success,,,
falure,P,failure,
achieving,,,
sunday,,,
cured,,,
attention,,,
focus,,,
gosiger,,,
r970,,,
wouls,,,
solve,,,
copied,,,
perform,,,
r971,,,
r972,,,
reloaded,,,
08,,,
4131,,,
05,,,
vdc,,,
heated,,,
sorts,,,
i1,,,
subsequent,,,
identifies,,,
subsequently,,,
volts,,,
meant,,,
schematics,,,
surge,,,
